run_id,timestamp,condition,pipeline,article_id,bias_label,bias_score,evidence_sent_ids_json,rationale_hash,prompt_hash,model_name,model_version,decoding_params_json,agentic_steps_json_hash,tool_snapshot_id,code_git_sha,env_fingerprint
C1_P1_devstral_latest_r03,2025-10-15T09:14:54.521892Z,C1,P1,economictimes_indiatimes_com_NA_50af5ed83fee_4_1,Neutral,0,[],479fb0d12a7b5f0127a4e8fa4fa9d2cf8414314a09d17af1fd2c40b78658b039,3c07a3e98bb9f03554e0a198e341b10e0fe813d2bbba4e48fd8c71387168b72b,devstral:latest,local,"{""max_tokens"": 512, ""seed"": 42, ""stop"": [""[/INST]""], ""temperature"": 0.0, ""top_p"": 1.0}",,,,"{""os"": ""Linux 5.15.0-139-generic"", ""pip_freeze"": [""annotated-types==0.7.0"", ""anyio==4.5.2"", ""cachetools==5.5.2"", ""certifi==2025.10.5"", ""charset-normalizer==3.4.4"", ""contourpy==1.1.1"", ""cycler==0.12.1"", ""distro==1.9.0"", ""exceptiongroup==1.3.0"", ""fonttools==4.57.0"", ""google-ai-generativelanguage==0.1.0"", ""google-api-core==2.26.0"", ""google-auth==2.41.1"", ""googleapis-common-protos==1.70.0"", ""grpcio==1.70.0"", ""grpcio-status==1.62.3"", ""h11==0.16.0"", ""httpcore==1.0.9"", ""httpx==0.28.1"", ""idna==3.11"", ""importlib_resources==6.4.5"", ""jiter==0.9.1"", ""kiwisolver==1.4.7"", ""matplotlib==3.7.5"", ""numpy==1.24.4"", ""openai==2.2.0"", ""packaging==25.0"", ""pandas==2.0.3"", ""pillow==10.4.0"", ""pkg_resources==0.0.0"", ""proto-plus==1.26.1"", ""protobuf==4.25.8"", ""pyasn1==0.6.1"", ""pyasn1_modules==0.4.2"", ""pydantic==2.10.6"", ""pydantic_core==2.27.2"", ""pyparsing==3.1.4"", ""python-dateutil==2.9.0.post0"", ""pytz==2025.2"", ""requests==2.32.4"", ""rsa==4.9.1"", ""scipy==1.10.1"", ""six==1.17.0"", ""sniffio==1.3.1"", ""tqdm==4.67.1"", ""typing_extensions==4.13.2"", ""tzdata==2025.2"", ""urllib3==2.2.3"", ""zipp==3.20.2""], ""python"": ""3.8.10""}"
C1_P1_devstral_latest_r03,2025-10-15T09:14:57.934702Z,C1,P1,economictimes_indiatimes_com_NA_f9bdef24d8f0_3_1,Left,-3,[1],bd25b84abe0db60542e018d32c4523690dfa8e5abcfa78f02b81471abaaaa525,8ec87e133c6100ab3acc02b122738135eedc10328f15206919f8a9e0ceff50a6,devstral:latest,local,"{""max_tokens"": 512, ""seed"": 42, ""stop"": [""[/INST]""], ""temperature"": 0.0, ""top_p"": 1.0}",,,,"{""os"": ""Linux 5.15.0-139-generic"", ""pip_freeze"": [""annotated-types==0.7.0"", ""anyio==4.5.2"", ""cachetools==5.5.2"", ""certifi==2025.10.5"", ""charset-normalizer==3.4.4"", ""contourpy==1.1.1"", ""cycler==0.12.1"", ""distro==1.9.0"", ""exceptiongroup==1.3.0"", ""fonttools==4.57.0"", ""google-ai-generativelanguage==0.1.0"", ""google-api-core==2.26.0"", ""google-auth==2.41.1"", ""googleapis-common-protos==1.70.0"", ""grpcio==1.70.0"", ""grpcio-status==1.62.3"", ""h11==0.16.0"", ""httpcore==1.0.9"", ""httpx==0.28.1"", ""idna==3.11"", ""importlib_resources==6.4.5"", ""jiter==0.9.1"", ""kiwisolver==1.4.7"", ""matplotlib==3.7.5"", ""numpy==1.24.4"", ""openai==2.2.0"", ""packaging==25.0"", ""pandas==2.0.3"", ""pillow==10.4.0"", ""pkg_resources==0.0.0"", ""proto-plus==1.26.1"", ""protobuf==4.25.8"", ""pyasn1==0.6.1"", ""pyasn1_modules==0.4.2"", ""pydantic==2.10.6"", ""pydantic_core==2.27.2"", ""pyparsing==3.1.4"", ""python-dateutil==2.9.0.post0"", ""pytz==2025.2"", ""requests==2.32.4"", ""rsa==4.9.1"", ""scipy==1.10.1"", ""six==1.17.0"", ""sniffio==1.3.1"", ""tqdm==4.67.1"", ""typing_extensions==4.13.2"", ""tzdata==2025.2"", ""urllib3==2.2.3"", ""zipp==3.20.2""], ""python"": ""3.8.10""}"
C1_P1_devstral_latest_r03,2025-10-15T09:15:02.080807Z,C1,P1,economictimes_indiatimes_com_NA_5b7a08df8d2f_4_1,Right,-2,[1],a676bf1da823b7770ee1f5632034a56b2c57ea9e4d9c00f48bd5822dfada175a,b74d50e58bd64bcaaebd9e026d6d60d1d42c438b57bbc43dcaf27a7a35018d34,devstral:latest,local,"{""max_tokens"": 512, ""seed"": 42, ""stop"": [""[/INST]""], ""temperature"": 0.0, ""top_p"": 1.0}",,,,"{""os"": ""Linux 5.15.0-139-generic"", ""pip_freeze"": [""annotated-types==0.7.0"", ""anyio==4.5.2"", ""cachetools==5.5.2"", ""certifi==2025.10.5"", ""charset-normalizer==3.4.4"", ""contourpy==1.1.1"", ""cycler==0.12.1"", ""distro==1.9.0"", ""exceptiongroup==1.3.0"", ""fonttools==4.57.0"", ""google-ai-generativelanguage==0.1.0"", ""google-api-core==2.26.0"", ""google-auth==2.41.1"", ""googleapis-common-protos==1.70.0"", ""grpcio==1.70.0"", ""grpcio-status==1.62.3"", ""h11==0.16.0"", ""httpcore==1.0.9"", ""httpx==0.28.1"", ""idna==3.11"", ""importlib_resources==6.4.5"", ""jiter==0.9.1"", ""kiwisolver==1.4.7"", ""matplotlib==3.7.5"", ""numpy==1.24.4"", ""openai==2.2.0"", ""packaging==25.0"", ""pandas==2.0.3"", ""pillow==10.4.0"", ""pkg_resources==0.0.0"", ""proto-plus==1.26.1"", ""protobuf==4.25.8"", ""pyasn1==0.6.1"", ""pyasn1_modules==0.4.2"", ""pydantic==2.10.6"", ""pydantic_core==2.27.2"", ""pyparsing==3.1.4"", ""python-dateutil==2.9.0.post0"", ""pytz==2025.2"", ""requests==2.32.4"", ""rsa==4.9.1"", ""scipy==1.10.1"", ""six==1.17.0"", ""sniffio==1.3.1"", ""tqdm==4.67.1"", ""typing_extensions==4.13.2"", ""tzdata==2025.2"", ""urllib3==2.2.3"", ""zipp==3.20.2""], ""python"": ""3.8.10""}"
C1_P1_devstral_latest_r03,2025-10-15T09:15:05.625357Z,C1,P1,economictimes_indiatimes_com_NA_df6fe255471c_35_1,Neutral,0,[1],10141f6f9d347e19e0f23ac829b150eadfaa7dd1824a8888184b207a45913ee6,e2777373fd6f98541ea2dc344fa4e26107d1b61c33ebd23aedd25a289a696a41,devstral:latest,local,"{""max_tokens"": 512, ""seed"": 42, ""stop"": [""[/INST]""], ""temperature"": 0.0, ""top_p"": 1.0}",,,,"{""os"": ""Linux 5.15.0-139-generic"", ""pip_freeze"": [""annotated-types==0.7.0"", ""anyio==4.5.2"", ""cachetools==5.5.2"", ""certifi==2025.10.5"", ""charset-normalizer==3.4.4"", ""contourpy==1.1.1"", ""cycler==0.12.1"", ""distro==1.9.0"", ""exceptiongroup==1.3.0"", ""fonttools==4.57.0"", ""google-ai-generativelanguage==0.1.0"", ""google-api-core==2.26.0"", ""google-auth==2.41.1"", ""googleapis-common-protos==1.70.0"", ""grpcio==1.70.0"", ""grpcio-status==1.62.3"", ""h11==0.16.0"", ""httpcore==1.0.9"", ""httpx==0.28.1"", ""idna==3.11"", ""importlib_resources==6.4.5"", ""jiter==0.9.1"", ""kiwisolver==1.4.7"", ""matplotlib==3.7.5"", ""numpy==1.24.4"", ""openai==2.2.0"", ""packaging==25.0"", ""pandas==2.0.3"", ""pillow==10.4.0"", ""pkg_resources==0.0.0"", ""proto-plus==1.26.1"", ""protobuf==4.25.8"", ""pyasn1==0.6.1"", ""pyasn1_modules==0.4.2"", ""pydantic==2.10.6"", ""pydantic_core==2.27.2"", ""pyparsing==3.1.4"", ""python-dateutil==2.9.0.post0"", ""pytz==2025.2"", ""requests==2.32.4"", ""rsa==4.9.1"", ""scipy==1.10.1"", ""six==1.17.0"", ""sniffio==1.3.1"", ""tqdm==4.67.1"", ""typing_extensions==4.13.2"", ""tzdata==2025.2"", ""urllib3==2.2.3"", ""zipp==3.20.2""], ""python"": ""3.8.10""}"
C1_P1_devstral_latest_r03,2025-10-15T09:15:11.324402Z,C1,P1,economictimes_indiatimes_com_NA_e4431e52b4c1_31_1,Neutral,0,[],e3b0c44298fc1c149afbf4c8996fb92427ae41e4649b934ca495991b7852b855,39ba1b96d6274c38a452267a6c45cf4e0b17abdeb4999bbea1d7b1faf4c71029,devstral:latest,local,"{""max_tokens"": 512, ""seed"": 42, ""stop"": [""[/INST]""], ""temperature"": 0.0, ""top_p"": 1.0}",,,,"{""os"": ""Linux 5.15.0-139-generic"", ""pip_freeze"": [""annotated-types==0.7.0"", ""anyio==4.5.2"", ""cachetools==5.5.2"", ""certifi==2025.10.5"", ""charset-normalizer==3.4.4"", ""contourpy==1.1.1"", ""cycler==0.12.1"", ""distro==1.9.0"", ""exceptiongroup==1.3.0"", ""fonttools==4.57.0"", ""google-ai-generativelanguage==0.1.0"", ""google-api-core==2.26.0"", ""google-auth==2.41.1"", ""googleapis-common-protos==1.70.0"", ""grpcio==1.70.0"", ""grpcio-status==1.62.3"", ""h11==0.16.0"", ""httpcore==1.0.9"", ""httpx==0.28.1"", ""idna==3.11"", ""importlib_resources==6.4.5"", ""jiter==0.9.1"", ""kiwisolver==1.4.7"", ""matplotlib==3.7.5"", ""numpy==1.24.4"", ""openai==2.2.0"", ""packaging==25.0"", ""pandas==2.0.3"", ""pillow==10.4.0"", ""pkg_resources==0.0.0"", ""proto-plus==1.26.1"", ""protobuf==4.25.8"", ""pyasn1==0.6.1"", ""pyasn1_modules==0.4.2"", ""pydantic==2.10.6"", ""pydantic_core==2.27.2"", ""pyparsing==3.1.4"", ""python-dateutil==2.9.0.post0"", ""pytz==2025.2"", ""requests==2.32.4"", ""rsa==4.9.1"", ""scipy==1.10.1"", ""six==1.17.0"", ""sniffio==1.3.1"", ""tqdm==4.67.1"", ""typing_extensions==4.13.2"", ""tzdata==2025.2"", ""urllib3==2.2.3"", ""zipp==3.20.2""], ""python"": ""3.8.10""}"
C1_P1_devstral_latest_r03,2025-10-15T09:15:15.428409Z,C1,P1,economictimes_indiatimes_com_NA_92ac6fe4fa97_2_1,Neutral,0,[1],1d138a213769eeae7c012af3e22916f0fa296f87b97161d7aaff87a0bf823f20,6b5a3d85a7e135c54d6d6d566f0656b30d923ded5614b84d0e1d743538d1184d,devstral:latest,local,"{""max_tokens"": 512, ""seed"": 42, ""stop"": [""[/INST]""], ""temperature"": 0.0, ""top_p"": 1.0}",,,,"{""os"": ""Linux 5.15.0-139-generic"", ""pip_freeze"": [""annotated-types==0.7.0"", ""anyio==4.5.2"", ""cachetools==5.5.2"", ""certifi==2025.10.5"", ""charset-normalizer==3.4.4"", ""contourpy==1.1.1"", ""cycler==0.12.1"", ""distro==1.9.0"", ""exceptiongroup==1.3.0"", ""fonttools==4.57.0"", ""google-ai-generativelanguage==0.1.0"", ""google-api-core==2.26.0"", ""google-auth==2.41.1"", ""googleapis-common-protos==1.70.0"", ""grpcio==1.70.0"", ""grpcio-status==1.62.3"", ""h11==0.16.0"", ""httpcore==1.0.9"", ""httpx==0.28.1"", ""idna==3.11"", ""importlib_resources==6.4.5"", ""jiter==0.9.1"", ""kiwisolver==1.4.7"", ""matplotlib==3.7.5"", ""numpy==1.24.4"", ""openai==2.2.0"", ""packaging==25.0"", ""pandas==2.0.3"", ""pillow==10.4.0"", ""pkg_resources==0.0.0"", ""proto-plus==1.26.1"", ""protobuf==4.25.8"", ""pyasn1==0.6.1"", ""pyasn1_modules==0.4.2"", ""pydantic==2.10.6"", ""pydantic_core==2.27.2"", ""pyparsing==3.1.4"", ""python-dateutil==2.9.0.post0"", ""pytz==2025.2"", ""requests==2.32.4"", ""rsa==4.9.1"", ""scipy==1.10.1"", ""six==1.17.0"", ""sniffio==1.3.1"", ""tqdm==4.67.1"", ""typing_extensions==4.13.2"", ""tzdata==2025.2"", ""urllib3==2.2.3"", ""zipp==3.20.2""], ""python"": ""3.8.10""}"
C1_P1_devstral_latest_r03,2025-10-15T09:15:19.317701Z,C1,P1,economictimes_indiatimes_com_NA_02e9c280957c_12_1,Neutral,0,[1],bfa71bfbe53599ee3e06abcc6bab8ba85ec564695a56693940971f70dd816737,859040b28a2bf0dc1d7e7713b86d5b2af303b8e387b00ad18c32b3486bd62260,devstral:latest,local,"{""max_tokens"": 512, ""seed"": 42, ""stop"": [""[/INST]""], ""temperature"": 0.0, ""top_p"": 1.0}",,,,"{""os"": ""Linux 5.15.0-139-generic"", ""pip_freeze"": [""annotated-types==0.7.0"", ""anyio==4.5.2"", ""cachetools==5.5.2"", ""certifi==2025.10.5"", ""charset-normalizer==3.4.4"", ""contourpy==1.1.1"", ""cycler==0.12.1"", ""distro==1.9.0"", ""exceptiongroup==1.3.0"", ""fonttools==4.57.0"", ""google-ai-generativelanguage==0.1.0"", ""google-api-core==2.26.0"", ""google-auth==2.41.1"", ""googleapis-common-protos==1.70.0"", ""grpcio==1.70.0"", ""grpcio-status==1.62.3"", ""h11==0.16.0"", ""httpcore==1.0.9"", ""httpx==0.28.1"", ""idna==3.11"", ""importlib_resources==6.4.5"", ""jiter==0.9.1"", ""kiwisolver==1.4.7"", ""matplotlib==3.7.5"", ""numpy==1.24.4"", ""openai==2.2.0"", ""packaging==25.0"", ""pandas==2.0.3"", ""pillow==10.4.0"", ""pkg_resources==0.0.0"", ""proto-plus==1.26.1"", ""protobuf==4.25.8"", ""pyasn1==0.6.1"", ""pyasn1_modules==0.4.2"", ""pydantic==2.10.6"", ""pydantic_core==2.27.2"", ""pyparsing==3.1.4"", ""python-dateutil==2.9.0.post0"", ""pytz==2025.2"", ""requests==2.32.4"", ""rsa==4.9.1"", ""scipy==1.10.1"", ""six==1.17.0"", ""sniffio==1.3.1"", ""tqdm==4.67.1"", ""typing_extensions==4.13.2"", ""tzdata==2025.2"", ""urllib3==2.2.3"", ""zipp==3.20.2""], ""python"": ""3.8.10""}"
C1_P1_devstral_latest_r03,2025-10-15T09:15:22.396621Z,C1,P1,economictimes_indiatimes_com_NA_85d46dcc39e9_5_1,Neutral,0,[1],0dfa2bc6244215a9fe93cdb2907755ab22baf91d6edcb588de31bbd90a99fb04,b6141b99f6e05473e76276793582c701203d18eedf7938e5d16574dbc8030dbc,devstral:latest,local,"{""max_tokens"": 512, ""seed"": 42, ""stop"": [""[/INST]""], ""temperature"": 0.0, ""top_p"": 1.0}",,,,"{""os"": ""Linux 5.15.0-139-generic"", ""pip_freeze"": [""annotated-types==0.7.0"", ""anyio==4.5.2"", ""cachetools==5.5.2"", ""certifi==2025.10.5"", ""charset-normalizer==3.4.4"", ""contourpy==1.1.1"", ""cycler==0.12.1"", ""distro==1.9.0"", ""exceptiongroup==1.3.0"", ""fonttools==4.57.0"", ""google-ai-generativelanguage==0.1.0"", ""google-api-core==2.26.0"", ""google-auth==2.41.1"", ""googleapis-common-protos==1.70.0"", ""grpcio==1.70.0"", ""grpcio-status==1.62.3"", ""h11==0.16.0"", ""httpcore==1.0.9"", ""httpx==0.28.1"", ""idna==3.11"", ""importlib_resources==6.4.5"", ""jiter==0.9.1"", ""kiwisolver==1.4.7"", ""matplotlib==3.7.5"", ""numpy==1.24.4"", ""openai==2.2.0"", ""packaging==25.0"", ""pandas==2.0.3"", ""pillow==10.4.0"", ""pkg_resources==0.0.0"", ""proto-plus==1.26.1"", ""protobuf==4.25.8"", ""pyasn1==0.6.1"", ""pyasn1_modules==0.4.2"", ""pydantic==2.10.6"", ""pydantic_core==2.27.2"", ""pyparsing==3.1.4"", ""python-dateutil==2.9.0.post0"", ""pytz==2025.2"", ""requests==2.32.4"", ""rsa==4.9.1"", ""scipy==1.10.1"", ""six==1.17.0"", ""sniffio==1.3.1"", ""tqdm==4.67.1"", ""typing_extensions==4.13.2"", ""tzdata==2025.2"", ""urllib3==2.2.3"", ""zipp==3.20.2""], ""python"": ""3.8.10""}"
C1_P1_devstral_latest_r03,2025-10-15T09:15:25.945663Z,C1,P1,hindustantimes_com_NA_5d895d015199_3_1,Neutral,0,[1],84e86e67198a557fc83939ee3ca2c868edd644326711dd7da82a893de273c82d,b2e424904345eccf59094cf016da56c9eb86d1f61a8c19d12576e8ff272aae0b,devstral:latest,local,"{""max_tokens"": 512, ""seed"": 42, ""stop"": [""[/INST]""], ""temperature"": 0.0, ""top_p"": 1.0}",,,,"{""os"": ""Linux 5.15.0-139-generic"", ""pip_freeze"": [""annotated-types==0.7.0"", ""anyio==4.5.2"", ""cachetools==5.5.2"", ""certifi==2025.10.5"", ""charset-normalizer==3.4.4"", ""contourpy==1.1.1"", ""cycler==0.12.1"", ""distro==1.9.0"", ""exceptiongroup==1.3.0"", ""fonttools==4.57.0"", ""google-ai-generativelanguage==0.1.0"", ""google-api-core==2.26.0"", ""google-auth==2.41.1"", ""googleapis-common-protos==1.70.0"", ""grpcio==1.70.0"", ""grpcio-status==1.62.3"", ""h11==0.16.0"", ""httpcore==1.0.9"", ""httpx==0.28.1"", ""idna==3.11"", ""importlib_resources==6.4.5"", ""jiter==0.9.1"", ""kiwisolver==1.4.7"", ""matplotlib==3.7.5"", ""numpy==1.24.4"", ""openai==2.2.0"", ""packaging==25.0"", ""pandas==2.0.3"", ""pillow==10.4.0"", ""pkg_resources==0.0.0"", ""proto-plus==1.26.1"", ""protobuf==4.25.8"", ""pyasn1==0.6.1"", ""pyasn1_modules==0.4.2"", ""pydantic==2.10.6"", ""pydantic_core==2.27.2"", ""pyparsing==3.1.4"", ""python-dateutil==2.9.0.post0"", ""pytz==2025.2"", ""requests==2.32.4"", ""rsa==4.9.1"", ""scipy==1.10.1"", ""six==1.17.0"", ""sniffio==1.3.1"", ""tqdm==4.67.1"", ""typing_extensions==4.13.2"", ""tzdata==2025.2"", ""urllib3==2.2.3"", ""zipp==3.20.2""], ""python"": ""3.8.10""}"
C1_P1_devstral_latest_r03,2025-10-15T09:15:30.231000Z,C1,P1,hindustantimes_com_NA_5d895d015199_13_1,Left,-3,[1],f8cefdcc5a9cc4cfcc20820af7ffa8a3e8b8927a2625becf4595575009f8c00b,16004429acd0cc0947186edeb0c04fedcb56e5889d3f1e1ddf84eb6ad4c000fd,devstral:latest,local,"{""max_tokens"": 512, ""seed"": 42, ""stop"": [""[/INST]""], ""temperature"": 0.0, ""top_p"": 1.0}",,,,"{""os"": ""Linux 5.15.0-139-generic"", ""pip_freeze"": [""annotated-types==0.7.0"", ""anyio==4.5.2"", ""cachetools==5.5.2"", ""certifi==2025.10.5"", ""charset-normalizer==3.4.4"", ""contourpy==1.1.1"", ""cycler==0.12.1"", ""distro==1.9.0"", ""exceptiongroup==1.3.0"", ""fonttools==4.57.0"", ""google-ai-generativelanguage==0.1.0"", ""google-api-core==2.26.0"", ""google-auth==2.41.1"", ""googleapis-common-protos==1.70.0"", ""grpcio==1.70.0"", ""grpcio-status==1.62.3"", ""h11==0.16.0"", ""httpcore==1.0.9"", ""httpx==0.28.1"", ""idna==3.11"", ""importlib_resources==6.4.5"", ""jiter==0.9.1"", ""kiwisolver==1.4.7"", ""matplotlib==3.7.5"", ""numpy==1.24.4"", ""openai==2.2.0"", ""packaging==25.0"", ""pandas==2.0.3"", ""pillow==10.4.0"", ""pkg_resources==0.0.0"", ""proto-plus==1.26.1"", ""protobuf==4.25.8"", ""pyasn1==0.6.1"", ""pyasn1_modules==0.4.2"", ""pydantic==2.10.6"", ""pydantic_core==2.27.2"", ""pyparsing==3.1.4"", ""python-dateutil==2.9.0.post0"", ""pytz==2025.2"", ""requests==2.32.4"", ""rsa==4.9.1"", ""scipy==1.10.1"", ""six==1.17.0"", ""sniffio==1.3.1"", ""tqdm==4.67.1"", ""typing_extensions==4.13.2"", ""tzdata==2025.2"", ""urllib3==2.2.3"", ""zipp==3.20.2""], ""python"": ""3.8.10""}"
C1_P1_devstral_latest_r03,2025-10-15T09:15:33.390713Z,C1,P1,hindustantimes_com_NA_4b92f18903dd_9_1,Neutral,0,[1],16854375dab7aa2c3bab0f58eca7e26d3d7166ff6097caddee4a256e4bb30d49,37f506061f75734632a4f60a35dd45e19ce0019aad86df1ca8ed6ad079808ab8,devstral:latest,local,"{""max_tokens"": 512, ""seed"": 42, ""stop"": [""[/INST]""], ""temperature"": 0.0, ""top_p"": 1.0}",,,,"{""os"": ""Linux 5.15.0-139-generic"", ""pip_freeze"": [""annotated-types==0.7.0"", ""anyio==4.5.2"", ""cachetools==5.5.2"", ""certifi==2025.10.5"", ""charset-normalizer==3.4.4"", ""contourpy==1.1.1"", ""cycler==0.12.1"", ""distro==1.9.0"", ""exceptiongroup==1.3.0"", ""fonttools==4.57.0"", ""google-ai-generativelanguage==0.1.0"", ""google-api-core==2.26.0"", ""google-auth==2.41.1"", ""googleapis-common-protos==1.70.0"", ""grpcio==1.70.0"", ""grpcio-status==1.62.3"", ""h11==0.16.0"", ""httpcore==1.0.9"", ""httpx==0.28.1"", ""idna==3.11"", ""importlib_resources==6.4.5"", ""jiter==0.9.1"", ""kiwisolver==1.4.7"", ""matplotlib==3.7.5"", ""numpy==1.24.4"", ""openai==2.2.0"", ""packaging==25.0"", ""pandas==2.0.3"", ""pillow==10.4.0"", ""pkg_resources==0.0.0"", ""proto-plus==1.26.1"", ""protobuf==4.25.8"", ""pyasn1==0.6.1"", ""pyasn1_modules==0.4.2"", ""pydantic==2.10.6"", ""pydantic_core==2.27.2"", ""pyparsing==3.1.4"", ""python-dateutil==2.9.0.post0"", ""pytz==2025.2"", ""requests==2.32.4"", ""rsa==4.9.1"", ""scipy==1.10.1"", ""six==1.17.0"", ""sniffio==1.3.1"", ""tqdm==4.67.1"", ""typing_extensions==4.13.2"", ""tzdata==2025.2"", ""urllib3==2.2.3"", ""zipp==3.20.2""], ""python"": ""3.8.10""}"
C1_P1_devstral_latest_r03,2025-10-15T09:15:36.601165Z,C1,P1,hindustantimes_com_NA_29ca3a7cfe3b_20_1,Neutral,-1,[],430f4c7e1e143468467b0ee79744238a0d33a3b815e3b5cde1261f021c58c4cd,8af0da376786ff5b5c3d568fce8f506d02f34f03abb9fcfb954b57a12b22b507,devstral:latest,local,"{""max_tokens"": 512, ""seed"": 42, ""stop"": [""[/INST]""], ""temperature"": 0.0, ""top_p"": 1.0}",,,,"{""os"": ""Linux 5.15.0-139-generic"", ""pip_freeze"": [""annotated-types==0.7.0"", ""anyio==4.5.2"", ""cachetools==5.5.2"", ""certifi==2025.10.5"", ""charset-normalizer==3.4.4"", ""contourpy==1.1.1"", ""cycler==0.12.1"", ""distro==1.9.0"", ""exceptiongroup==1.3.0"", ""fonttools==4.57.0"", ""google-ai-generativelanguage==0.1.0"", ""google-api-core==2.26.0"", ""google-auth==2.41.1"", ""googleapis-common-protos==1.70.0"", ""grpcio==1.70.0"", ""grpcio-status==1.62.3"", ""h11==0.16.0"", ""httpcore==1.0.9"", ""httpx==0.28.1"", ""idna==3.11"", ""importlib_resources==6.4.5"", ""jiter==0.9.1"", ""kiwisolver==1.4.7"", ""matplotlib==3.7.5"", ""numpy==1.24.4"", ""openai==2.2.0"", ""packaging==25.0"", ""pandas==2.0.3"", ""pillow==10.4.0"", ""pkg_resources==0.0.0"", ""proto-plus==1.26.1"", ""protobuf==4.25.8"", ""pyasn1==0.6.1"", ""pyasn1_modules==0.4.2"", ""pydantic==2.10.6"", ""pydantic_core==2.27.2"", ""pyparsing==3.1.4"", ""python-dateutil==2.9.0.post0"", ""pytz==2025.2"", ""requests==2.32.4"", ""rsa==4.9.1"", ""scipy==1.10.1"", ""six==1.17.0"", ""sniffio==1.3.1"", ""tqdm==4.67.1"", ""typing_extensions==4.13.2"", ""tzdata==2025.2"", ""urllib3==2.2.3"", ""zipp==3.20.2""], ""python"": ""3.8.10""}"
C1_P1_devstral_latest_r03,2025-10-15T09:15:40.329809Z,C1,P1,hindustantimes_com_NA_6204e574242f_3_1,Left,-3,[1],52bba127ee214921ad8605b4351b59f9fedfcc1f955c3123d3c5df3cc7c1e10b,93d32d25b99a17d526a743c9798e43eb0a625892756da259ff9ddc3e8e5ab712,devstral:latest,local,"{""max_tokens"": 512, ""seed"": 42, ""stop"": [""[/INST]""], ""temperature"": 0.0, ""top_p"": 1.0}",,,,"{""os"": ""Linux 5.15.0-139-generic"", ""pip_freeze"": [""annotated-types==0.7.0"", ""anyio==4.5.2"", ""cachetools==5.5.2"", ""certifi==2025.10.5"", ""charset-normalizer==3.4.4"", ""contourpy==1.1.1"", ""cycler==0.12.1"", ""distro==1.9.0"", ""exceptiongroup==1.3.0"", ""fonttools==4.57.0"", ""google-ai-generativelanguage==0.1.0"", ""google-api-core==2.26.0"", ""google-auth==2.41.1"", ""googleapis-common-protos==1.70.0"", ""grpcio==1.70.0"", ""grpcio-status==1.62.3"", ""h11==0.16.0"", ""httpcore==1.0.9"", ""httpx==0.28.1"", ""idna==3.11"", ""importlib_resources==6.4.5"", ""jiter==0.9.1"", ""kiwisolver==1.4.7"", ""matplotlib==3.7.5"", ""numpy==1.24.4"", ""openai==2.2.0"", ""packaging==25.0"", ""pandas==2.0.3"", ""pillow==10.4.0"", ""pkg_resources==0.0.0"", ""proto-plus==1.26.1"", ""protobuf==4.25.8"", ""pyasn1==0.6.1"", ""pyasn1_modules==0.4.2"", ""pydantic==2.10.6"", ""pydantic_core==2.27.2"", ""pyparsing==3.1.4"", ""python-dateutil==2.9.0.post0"", ""pytz==2025.2"", ""requests==2.32.4"", ""rsa==4.9.1"", ""scipy==1.10.1"", ""six==1.17.0"", ""sniffio==1.3.1"", ""tqdm==4.67.1"", ""typing_extensions==4.13.2"", ""tzdata==2025.2"", ""urllib3==2.2.3"", ""zipp==3.20.2""], ""python"": ""3.8.10""}"
C1_P1_devstral_latest_r03,2025-10-15T09:15:43.591883Z,C1,P1,hindustantimes_com_NA_3c2018e66b5d_2_1,Neutral,0,[1],aca45f8d6d046758956288fb6f09439e36f73d67efceee8f24f3239e37fb63db,cf51a870cb73241b0c2ae53b2d800cbed1bed32fc125349db0dc9242dd092bdc,devstral:latest,local,"{""max_tokens"": 512, ""seed"": 42, ""stop"": [""[/INST]""], ""temperature"": 0.0, ""top_p"": 1.0}",,,,"{""os"": ""Linux 5.15.0-139-generic"", ""pip_freeze"": [""annotated-types==0.7.0"", ""anyio==4.5.2"", ""cachetools==5.5.2"", ""certifi==2025.10.5"", ""charset-normalizer==3.4.4"", ""contourpy==1.1.1"", ""cycler==0.12.1"", ""distro==1.9.0"", ""exceptiongroup==1.3.0"", ""fonttools==4.57.0"", ""google-ai-generativelanguage==0.1.0"", ""google-api-core==2.26.0"", ""google-auth==2.41.1"", ""googleapis-common-protos==1.70.0"", ""grpcio==1.70.0"", ""grpcio-status==1.62.3"", ""h11==0.16.0"", ""httpcore==1.0.9"", ""httpx==0.28.1"", ""idna==3.11"", ""importlib_resources==6.4.5"", ""jiter==0.9.1"", ""kiwisolver==1.4.7"", ""matplotlib==3.7.5"", ""numpy==1.24.4"", ""openai==2.2.0"", ""packaging==25.0"", ""pandas==2.0.3"", ""pillow==10.4.0"", ""pkg_resources==0.0.0"", ""proto-plus==1.26.1"", ""protobuf==4.25.8"", ""pyasn1==0.6.1"", ""pyasn1_modules==0.4.2"", ""pydantic==2.10.6"", ""pydantic_core==2.27.2"", ""pyparsing==3.1.4"", ""python-dateutil==2.9.0.post0"", ""pytz==2025.2"", ""requests==2.32.4"", ""rsa==4.9.1"", ""scipy==1.10.1"", ""six==1.17.0"", ""sniffio==1.3.1"", ""tqdm==4.67.1"", ""typing_extensions==4.13.2"", ""tzdata==2025.2"", ""urllib3==2.2.3"", ""zipp==3.20.2""], ""python"": ""3.8.10""}"
C1_P1_devstral_latest_r03,2025-10-15T09:15:46.906011Z,C1,P1,hindustantimes_com_NA_3c2018e66b5d_1_1,Neutral,0,[],cb0f51a6a2fda12109c1709c73bfccbdd4ebeab534ab11f0b118a020b25bf6ff,b5ccb710cd738a0d29eff21ef616a64fd9e03745577ff3270cac141cdf2ad386,devstral:latest,local,"{""max_tokens"": 512, ""seed"": 42, ""stop"": [""[/INST]""], ""temperature"": 0.0, ""top_p"": 1.0}",,,,"{""os"": ""Linux 5.15.0-139-generic"", ""pip_freeze"": [""annotated-types==0.7.0"", ""anyio==4.5.2"", ""cachetools==5.5.2"", ""certifi==2025.10.5"", ""charset-normalizer==3.4.4"", ""contourpy==1.1.1"", ""cycler==0.12.1"", ""distro==1.9.0"", ""exceptiongroup==1.3.0"", ""fonttools==4.57.0"", ""google-ai-generativelanguage==0.1.0"", ""google-api-core==2.26.0"", ""google-auth==2.41.1"", ""googleapis-common-protos==1.70.0"", ""grpcio==1.70.0"", ""grpcio-status==1.62.3"", ""h11==0.16.0"", ""httpcore==1.0.9"", ""httpx==0.28.1"", ""idna==3.11"", ""importlib_resources==6.4.5"", ""jiter==0.9.1"", ""kiwisolver==1.4.7"", ""matplotlib==3.7.5"", ""numpy==1.24.4"", ""openai==2.2.0"", ""packaging==25.0"", ""pandas==2.0.3"", ""pillow==10.4.0"", ""pkg_resources==0.0.0"", ""proto-plus==1.26.1"", ""protobuf==4.25.8"", ""pyasn1==0.6.1"", ""pyasn1_modules==0.4.2"", ""pydantic==2.10.6"", ""pydantic_core==2.27.2"", ""pyparsing==3.1.4"", ""python-dateutil==2.9.0.post0"", ""pytz==2025.2"", ""requests==2.32.4"", ""rsa==4.9.1"", ""scipy==1.10.1"", ""six==1.17.0"", ""sniffio==1.3.1"", ""tqdm==4.67.1"", ""typing_extensions==4.13.2"", ""tzdata==2025.2"", ""urllib3==2.2.3"", ""zipp==3.20.2""], ""python"": ""3.8.10""}"
C1_P1_devstral_latest_r03,2025-10-15T09:15:49.790128Z,C1,P1,hindustantimes_com_NA_805d7069a561_1_1,Neutral,0,[1],ece58ff7abc068922714210364bf68ea53e2b04d6be9aa38420f7e43ee9da99b,9f60c81ba9e4bcfbc80ecafbb3782d6f9248c9ce39fd4fd1eb332780fa18b01a,devstral:latest,local,"{""max_tokens"": 512, ""seed"": 42, ""stop"": [""[/INST]""], ""temperature"": 0.0, ""top_p"": 1.0}",,,,"{""os"": ""Linux 5.15.0-139-generic"", ""pip_freeze"": [""annotated-types==0.7.0"", ""anyio==4.5.2"", ""cachetools==5.5.2"", ""certifi==2025.10.5"", ""charset-normalizer==3.4.4"", ""contourpy==1.1.1"", ""cycler==0.12.1"", ""distro==1.9.0"", ""exceptiongroup==1.3.0"", ""fonttools==4.57.0"", ""google-ai-generativelanguage==0.1.0"", ""google-api-core==2.26.0"", ""google-auth==2.41.1"", ""googleapis-common-protos==1.70.0"", ""grpcio==1.70.0"", ""grpcio-status==1.62.3"", ""h11==0.16.0"", ""httpcore==1.0.9"", ""httpx==0.28.1"", ""idna==3.11"", ""importlib_resources==6.4.5"", ""jiter==0.9.1"", ""kiwisolver==1.4.7"", ""matplotlib==3.7.5"", ""numpy==1.24.4"", ""openai==2.2.0"", ""packaging==25.0"", ""pandas==2.0.3"", ""pillow==10.4.0"", ""pkg_resources==0.0.0"", ""proto-plus==1.26.1"", ""protobuf==4.25.8"", ""pyasn1==0.6.1"", ""pyasn1_modules==0.4.2"", ""pydantic==2.10.6"", ""pydantic_core==2.27.2"", ""pyparsing==3.1.4"", ""python-dateutil==2.9.0.post0"", ""pytz==2025.2"", ""requests==2.32.4"", ""rsa==4.9.1"", ""scipy==1.10.1"", ""six==1.17.0"", ""sniffio==1.3.1"", ""tqdm==4.67.1"", ""typing_extensions==4.13.2"", ""tzdata==2025.2"", ""urllib3==2.2.3"", ""zipp==3.20.2""], ""python"": ""3.8.10""}"
C1_P1_devstral_latest_r03,2025-10-15T09:15:53.351625Z,C1,P1,indianexpress_com_NA_54ddc4e943ac_9_1,Neutral,0,[1],e0b01b28cfbfca134cd44431d3fb260882c22d8164d8d080827f42cb9f8fac28,c8b8b7dfae0d3fcb6954e241dfadd5378125638d02c6fdb2c6549c7dda12c9fc,devstral:latest,local,"{""max_tokens"": 512, ""seed"": 42, ""stop"": [""[/INST]""], ""temperature"": 0.0, ""top_p"": 1.0}",,,,"{""os"": ""Linux 5.15.0-139-generic"", ""pip_freeze"": [""annotated-types==0.7.0"", ""anyio==4.5.2"", ""cachetools==5.5.2"", ""certifi==2025.10.5"", ""charset-normalizer==3.4.4"", ""contourpy==1.1.1"", ""cycler==0.12.1"", ""distro==1.9.0"", ""exceptiongroup==1.3.0"", ""fonttools==4.57.0"", ""google-ai-generativelanguage==0.1.0"", ""google-api-core==2.26.0"", ""google-auth==2.41.1"", ""googleapis-common-protos==1.70.0"", ""grpcio==1.70.0"", ""grpcio-status==1.62.3"", ""h11==0.16.0"", ""httpcore==1.0.9"", ""httpx==0.28.1"", ""idna==3.11"", ""importlib_resources==6.4.5"", ""jiter==0.9.1"", ""kiwisolver==1.4.7"", ""matplotlib==3.7.5"", ""numpy==1.24.4"", ""openai==2.2.0"", ""packaging==25.0"", ""pandas==2.0.3"", ""pillow==10.4.0"", ""pkg_resources==0.0.0"", ""proto-plus==1.26.1"", ""protobuf==4.25.8"", ""pyasn1==0.6.1"", ""pyasn1_modules==0.4.2"", ""pydantic==2.10.6"", ""pydantic_core==2.27.2"", ""pyparsing==3.1.4"", ""python-dateutil==2.9.0.post0"", ""pytz==2025.2"", ""requests==2.32.4"", ""rsa==4.9.1"", ""scipy==1.10.1"", ""six==1.17.0"", ""sniffio==1.3.1"", ""tqdm==4.67.1"", ""typing_extensions==4.13.2"", ""tzdata==2025.2"", ""urllib3==2.2.3"", ""zipp==3.20.2""], ""python"": ""3.8.10""}"
C1_P1_devstral_latest_r03,2025-10-15T09:15:56.896961Z,C1,P1,indianexpress_com_NA_a000e7072212_9_1,Neutral,0,[1],3f51dd44400edfebba349ce3c2412ca00479f39ebc0f979a43c9e07efbae338e,bae0b5ff9235e9bfbdd1f3962b56fbe345f5f42d1fde68de37ab2154774a506e,devstral:latest,local,"{""max_tokens"": 512, ""seed"": 42, ""stop"": [""[/INST]""], ""temperature"": 0.0, ""top_p"": 1.0}",,,,"{""os"": ""Linux 5.15.0-139-generic"", ""pip_freeze"": [""annotated-types==0.7.0"", ""anyio==4.5.2"", ""cachetools==5.5.2"", ""certifi==2025.10.5"", ""charset-normalizer==3.4.4"", ""contourpy==1.1.1"", ""cycler==0.12.1"", ""distro==1.9.0"", ""exceptiongroup==1.3.0"", ""fonttools==4.57.0"", ""google-ai-generativelanguage==0.1.0"", ""google-api-core==2.26.0"", ""google-auth==2.41.1"", ""googleapis-common-protos==1.70.0"", ""grpcio==1.70.0"", ""grpcio-status==1.62.3"", ""h11==0.16.0"", ""httpcore==1.0.9"", ""httpx==0.28.1"", ""idna==3.11"", ""importlib_resources==6.4.5"", ""jiter==0.9.1"", ""kiwisolver==1.4.7"", ""matplotlib==3.7.5"", ""numpy==1.24.4"", ""openai==2.2.0"", ""packaging==25.0"", ""pandas==2.0.3"", ""pillow==10.4.0"", ""pkg_resources==0.0.0"", ""proto-plus==1.26.1"", ""protobuf==4.25.8"", ""pyasn1==0.6.1"", ""pyasn1_modules==0.4.2"", ""pydantic==2.10.6"", ""pydantic_core==2.27.2"", ""pyparsing==3.1.4"", ""python-dateutil==2.9.0.post0"", ""pytz==2025.2"", ""requests==2.32.4"", ""rsa==4.9.1"", ""scipy==1.10.1"", ""six==1.17.0"", ""sniffio==1.3.1"", ""tqdm==4.67.1"", ""typing_extensions==4.13.2"", ""tzdata==2025.2"", ""urllib3==2.2.3"", ""zipp==3.20.2""], ""python"": ""3.8.10""}"
C1_P1_devstral_latest_r03,2025-10-15T09:16:00.016738Z,C1,P1,indianexpress_com_NA_88f5954c1be3_4_1,Neutral,0,[],833dabdf0070cc8da074e9fed14b7cdb8e8b284f0e8ec1e33bc19c83549d4a6a,9863685c5652c36eaa639236a998526f58e90cca02eaca6e96106f4f61211bfa,devstral:latest,local,"{""max_tokens"": 512, ""seed"": 42, ""stop"": [""[/INST]""], ""temperature"": 0.0, ""top_p"": 1.0}",,,,"{""os"": ""Linux 5.15.0-139-generic"", ""pip_freeze"": [""annotated-types==0.7.0"", ""anyio==4.5.2"", ""cachetools==5.5.2"", ""certifi==2025.10.5"", ""charset-normalizer==3.4.4"", ""contourpy==1.1.1"", ""cycler==0.12.1"", ""distro==1.9.0"", ""exceptiongroup==1.3.0"", ""fonttools==4.57.0"", ""google-ai-generativelanguage==0.1.0"", ""google-api-core==2.26.0"", ""google-auth==2.41.1"", ""googleapis-common-protos==1.70.0"", ""grpcio==1.70.0"", ""grpcio-status==1.62.3"", ""h11==0.16.0"", ""httpcore==1.0.9"", ""httpx==0.28.1"", ""idna==3.11"", ""importlib_resources==6.4.5"", ""jiter==0.9.1"", ""kiwisolver==1.4.7"", ""matplotlib==3.7.5"", ""numpy==1.24.4"", ""openai==2.2.0"", ""packaging==25.0"", ""pandas==2.0.3"", ""pillow==10.4.0"", ""pkg_resources==0.0.0"", ""proto-plus==1.26.1"", ""protobuf==4.25.8"", ""pyasn1==0.6.1"", ""pyasn1_modules==0.4.2"", ""pydantic==2.10.6"", ""pydantic_core==2.27.2"", ""pyparsing==3.1.4"", ""python-dateutil==2.9.0.post0"", ""pytz==2025.2"", ""requests==2.32.4"", ""rsa==4.9.1"", ""scipy==1.10.1"", ""six==1.17.0"", ""sniffio==1.3.1"", ""tqdm==4.67.1"", ""typing_extensions==4.13.2"", ""tzdata==2025.2"", ""urllib3==2.2.3"", ""zipp==3.20.2""], ""python"": ""3.8.10""}"
C1_P1_devstral_latest_r03,2025-10-15T09:16:04.620974Z,C1,P1,indianexpress_com_NA_fb8127d8b48a_9_1,Left,-2,[1],139e10a49153c1af5326e0eb4bad358424e6742eec11ea9fb23fc6b401a82ce7,a538fd1ea0e4888c21b3e6fb0a8f2be05b6d7a1e9b29c95504a4dded30977360,devstral:latest,local,"{""max_tokens"": 512, ""seed"": 42, ""stop"": [""[/INST]""], ""temperature"": 0.0, ""top_p"": 1.0}",,,,"{""os"": ""Linux 5.15.0-139-generic"", ""pip_freeze"": [""annotated-types==0.7.0"", ""anyio==4.5.2"", ""cachetools==5.5.2"", ""certifi==2025.10.5"", ""charset-normalizer==3.4.4"", ""contourpy==1.1.1"", ""cycler==0.12.1"", ""distro==1.9.0"", ""exceptiongroup==1.3.0"", ""fonttools==4.57.0"", ""google-ai-generativelanguage==0.1.0"", ""google-api-core==2.26.0"", ""google-auth==2.41.1"", ""googleapis-common-protos==1.70.0"", ""grpcio==1.70.0"", ""grpcio-status==1.62.3"", ""h11==0.16.0"", ""httpcore==1.0.9"", ""httpx==0.28.1"", ""idna==3.11"", ""importlib_resources==6.4.5"", ""jiter==0.9.1"", ""kiwisolver==1.4.7"", ""matplotlib==3.7.5"", ""numpy==1.24.4"", ""openai==2.2.0"", ""packaging==25.0"", ""pandas==2.0.3"", ""pillow==10.4.0"", ""pkg_resources==0.0.0"", ""proto-plus==1.26.1"", ""protobuf==4.25.8"", ""pyasn1==0.6.1"", ""pyasn1_modules==0.4.2"", ""pydantic==2.10.6"", ""pydantic_core==2.27.2"", ""pyparsing==3.1.4"", ""python-dateutil==2.9.0.post0"", ""pytz==2025.2"", ""requests==2.32.4"", ""rsa==4.9.1"", ""scipy==1.10.1"", ""six==1.17.0"", ""sniffio==1.3.1"", ""tqdm==4.67.1"", ""typing_extensions==4.13.2"", ""tzdata==2025.2"", ""urllib3==2.2.3"", ""zipp==3.20.2""], ""python"": ""3.8.10""}"
C1_P1_devstral_latest_r03,2025-10-15T09:16:08.390501Z,C1,P1,indianexpress_com_NA_163f2e0c15e4_35_1,Neutral,0,[],479fb0d12a7b5f0127a4e8fa4fa9d2cf8414314a09d17af1fd2c40b78658b039,457d6765774a99ea9c678075953a51c754fd9b97417af882f17ab9f12204393f,devstral:latest,local,"{""max_tokens"": 512, ""seed"": 42, ""stop"": [""[/INST]""], ""temperature"": 0.0, ""top_p"": 1.0}",,,,"{""os"": ""Linux 5.15.0-139-generic"", ""pip_freeze"": [""annotated-types==0.7.0"", ""anyio==4.5.2"", ""cachetools==5.5.2"", ""certifi==2025.10.5"", ""charset-normalizer==3.4.4"", ""contourpy==1.1.1"", ""cycler==0.12.1"", ""distro==1.9.0"", ""exceptiongroup==1.3.0"", ""fonttools==4.57.0"", ""google-ai-generativelanguage==0.1.0"", ""google-api-core==2.26.0"", ""google-auth==2.41.1"", ""googleapis-common-protos==1.70.0"", ""grpcio==1.70.0"", ""grpcio-status==1.62.3"", ""h11==0.16.0"", ""httpcore==1.0.9"", ""httpx==0.28.1"", ""idna==3.11"", ""importlib_resources==6.4.5"", ""jiter==0.9.1"", ""kiwisolver==1.4.7"", ""matplotlib==3.7.5"", ""numpy==1.24.4"", ""openai==2.2.0"", ""packaging==25.0"", ""pandas==2.0.3"", ""pillow==10.4.0"", ""pkg_resources==0.0.0"", ""proto-plus==1.26.1"", ""protobuf==4.25.8"", ""pyasn1==0.6.1"", ""pyasn1_modules==0.4.2"", ""pydantic==2.10.6"", ""pydantic_core==2.27.2"", ""pyparsing==3.1.4"", ""python-dateutil==2.9.0.post0"", ""pytz==2025.2"", ""requests==2.32.4"", ""rsa==4.9.1"", ""scipy==1.10.1"", ""six==1.17.0"", ""sniffio==1.3.1"", ""tqdm==4.67.1"", ""typing_extensions==4.13.2"", ""tzdata==2025.2"", ""urllib3==2.2.3"", ""zipp==3.20.2""], ""python"": ""3.8.10""}"
C1_P1_devstral_latest_r03,2025-10-15T09:16:12.183041Z,C1,P1,indianexpress_com_NA_1443a8961925_8_1,Left,-3,[1],c4d40dd2b53ddcc757e89e6276482efec8f1ba9c0cae284ed239d4031c31321c,afe06d7f7f2364ed45e7812f4b3bbc6dd6771aebfc92047eb097eff8e70223ea,devstral:latest,local,"{""max_tokens"": 512, ""seed"": 42, ""stop"": [""[/INST]""], ""temperature"": 0.0, ""top_p"": 1.0}",,,,"{""os"": ""Linux 5.15.0-139-generic"", ""pip_freeze"": [""annotated-types==0.7.0"", ""anyio==4.5.2"", ""cachetools==5.5.2"", ""certifi==2025.10.5"", ""charset-normalizer==3.4.4"", ""contourpy==1.1.1"", ""cycler==0.12.1"", ""distro==1.9.0"", ""exceptiongroup==1.3.0"", ""fonttools==4.57.0"", ""google-ai-generativelanguage==0.1.0"", ""google-api-core==2.26.0"", ""google-auth==2.41.1"", ""googleapis-common-protos==1.70.0"", ""grpcio==1.70.0"", ""grpcio-status==1.62.3"", ""h11==0.16.0"", ""httpcore==1.0.9"", ""httpx==0.28.1"", ""idna==3.11"", ""importlib_resources==6.4.5"", ""jiter==0.9.1"", ""kiwisolver==1.4.7"", ""matplotlib==3.7.5"", ""numpy==1.24.4"", ""openai==2.2.0"", ""packaging==25.0"", ""pandas==2.0.3"", ""pillow==10.4.0"", ""pkg_resources==0.0.0"", ""proto-plus==1.26.1"", ""protobuf==4.25.8"", ""pyasn1==0.6.1"", ""pyasn1_modules==0.4.2"", ""pydantic==2.10.6"", ""pydantic_core==2.27.2"", ""pyparsing==3.1.4"", ""python-dateutil==2.9.0.post0"", ""pytz==2025.2"", ""requests==2.32.4"", ""rsa==4.9.1"", ""scipy==1.10.1"", ""six==1.17.0"", ""sniffio==1.3.1"", ""tqdm==4.67.1"", ""typing_extensions==4.13.2"", ""tzdata==2025.2"", ""urllib3==2.2.3"", ""zipp==3.20.2""], ""python"": ""3.8.10""}"
C1_P1_devstral_latest_r03,2025-10-15T09:16:16.502655Z,C1,P1,indianexpress_com_NA_9a7334392391_9_1,Neutral,0,[1],8d231efde9e9f1503e180c8893afdcb051f64f3e74793013f2ee853f2786240d,063f6000a5ad5cc777b66f01af90a45c1cd71e084d1302f0cb9f95fbbe580268,devstral:latest,local,"{""max_tokens"": 512, ""seed"": 42, ""stop"": [""[/INST]""], ""temperature"": 0.0, ""top_p"": 1.0}",,,,"{""os"": ""Linux 5.15.0-139-generic"", ""pip_freeze"": [""annotated-types==0.7.0"", ""anyio==4.5.2"", ""cachetools==5.5.2"", ""certifi==2025.10.5"", ""charset-normalizer==3.4.4"", ""contourpy==1.1.1"", ""cycler==0.12.1"", ""distro==1.9.0"", ""exceptiongroup==1.3.0"", ""fonttools==4.57.0"", ""google-ai-generativelanguage==0.1.0"", ""google-api-core==2.26.0"", ""google-auth==2.41.1"", ""googleapis-common-protos==1.70.0"", ""grpcio==1.70.0"", ""grpcio-status==1.62.3"", ""h11==0.16.0"", ""httpcore==1.0.9"", ""httpx==0.28.1"", ""idna==3.11"", ""importlib_resources==6.4.5"", ""jiter==0.9.1"", ""kiwisolver==1.4.7"", ""matplotlib==3.7.5"", ""numpy==1.24.4"", ""openai==2.2.0"", ""packaging==25.0"", ""pandas==2.0.3"", ""pillow==10.4.0"", ""pkg_resources==0.0.0"", ""proto-plus==1.26.1"", ""protobuf==4.25.8"", ""pyasn1==0.6.1"", ""pyasn1_modules==0.4.2"", ""pydantic==2.10.6"", ""pydantic_core==2.27.2"", ""pyparsing==3.1.4"", ""python-dateutil==2.9.0.post0"", ""pytz==2025.2"", ""requests==2.32.4"", ""rsa==4.9.1"", ""scipy==1.10.1"", ""six==1.17.0"", ""sniffio==1.3.1"", ""tqdm==4.67.1"", ""typing_extensions==4.13.2"", ""tzdata==2025.2"", ""urllib3==2.2.3"", ""zipp==3.20.2""], ""python"": ""3.8.10""}"
C1_P1_devstral_latest_r03,2025-10-15T09:16:20.200424Z,C1,P1,indianexpress_com_NA_29418658f832_17_1,Neutral,0,[1],08435c503c3aec4d392e8f04fd1514535dc8a5192c4799c2fc80791c9f3be6ba,4f163adee015d143282939dbe3bbf7d2f3e7ac348b99ef1b4f8110f01c442dad,devstral:latest,local,"{""max_tokens"": 512, ""seed"": 42, ""stop"": [""[/INST]""], ""temperature"": 0.0, ""top_p"": 1.0}",,,,"{""os"": ""Linux 5.15.0-139-generic"", ""pip_freeze"": [""annotated-types==0.7.0"", ""anyio==4.5.2"", ""cachetools==5.5.2"", ""certifi==2025.10.5"", ""charset-normalizer==3.4.4"", ""contourpy==1.1.1"", ""cycler==0.12.1"", ""distro==1.9.0"", ""exceptiongroup==1.3.0"", ""fonttools==4.57.0"", ""google-ai-generativelanguage==0.1.0"", ""google-api-core==2.26.0"", ""google-auth==2.41.1"", ""googleapis-common-protos==1.70.0"", ""grpcio==1.70.0"", ""grpcio-status==1.62.3"", ""h11==0.16.0"", ""httpcore==1.0.9"", ""httpx==0.28.1"", ""idna==3.11"", ""importlib_resources==6.4.5"", ""jiter==0.9.1"", ""kiwisolver==1.4.7"", ""matplotlib==3.7.5"", ""numpy==1.24.4"", ""openai==2.2.0"", ""packaging==25.0"", ""pandas==2.0.3"", ""pillow==10.4.0"", ""pkg_resources==0.0.0"", ""proto-plus==1.26.1"", ""protobuf==4.25.8"", ""pyasn1==0.6.1"", ""pyasn1_modules==0.4.2"", ""pydantic==2.10.6"", ""pydantic_core==2.27.2"", ""pyparsing==3.1.4"", ""python-dateutil==2.9.0.post0"", ""pytz==2025.2"", ""requests==2.32.4"", ""rsa==4.9.1"", ""scipy==1.10.1"", ""six==1.17.0"", ""sniffio==1.3.1"", ""tqdm==4.67.1"", ""typing_extensions==4.13.2"", ""tzdata==2025.2"", ""urllib3==2.2.3"", ""zipp==3.20.2""], ""python"": ""3.8.10""}"
C1_P1_devstral_latest_r03,2025-10-15T09:16:23.676015Z,C1,P1,indiatodayne_in_20200514_ff11d3316d30_14_1,Neutral,0,[],75a85c7617af13c5ea9b7b8d1857369248454039de26614994d810a19c378f0b,f859f7938ba32417713bb8211d1bbdf0dcef09bcaa8e0131d6dfacbe190548c3,devstral:latest,local,"{""max_tokens"": 512, ""seed"": 42, ""stop"": [""[/INST]""], ""temperature"": 0.0, ""top_p"": 1.0}",,,,"{""os"": ""Linux 5.15.0-139-generic"", ""pip_freeze"": [""annotated-types==0.7.0"", ""anyio==4.5.2"", ""cachetools==5.5.2"", ""certifi==2025.10.5"", ""charset-normalizer==3.4.4"", ""contourpy==1.1.1"", ""cycler==0.12.1"", ""distro==1.9.0"", ""exceptiongroup==1.3.0"", ""fonttools==4.57.0"", ""google-ai-generativelanguage==0.1.0"", ""google-api-core==2.26.0"", ""google-auth==2.41.1"", ""googleapis-common-protos==1.70.0"", ""grpcio==1.70.0"", ""grpcio-status==1.62.3"", ""h11==0.16.0"", ""httpcore==1.0.9"", ""httpx==0.28.1"", ""idna==3.11"", ""importlib_resources==6.4.5"", ""jiter==0.9.1"", ""kiwisolver==1.4.7"", ""matplotlib==3.7.5"", ""numpy==1.24.4"", ""openai==2.2.0"", ""packaging==25.0"", ""pandas==2.0.3"", ""pillow==10.4.0"", ""pkg_resources==0.0.0"", ""proto-plus==1.26.1"", ""protobuf==4.25.8"", ""pyasn1==0.6.1"", ""pyasn1_modules==0.4.2"", ""pydantic==2.10.6"", ""pydantic_core==2.27.2"", ""pyparsing==3.1.4"", ""python-dateutil==2.9.0.post0"", ""pytz==2025.2"", ""requests==2.32.4"", ""rsa==4.9.1"", ""scipy==1.10.1"", ""six==1.17.0"", ""sniffio==1.3.1"", ""tqdm==4.67.1"", ""typing_extensions==4.13.2"", ""tzdata==2025.2"", ""urllib3==2.2.3"", ""zipp==3.20.2""], ""python"": ""3.8.10""}"
C1_P1_devstral_latest_r03,2025-10-15T09:16:28.979425Z,C1,P1,indiatodayne_in_20201225_390dc70ac51b_4_1,Left,-2,[1],f5e5dad9a59119f3309c4d3e9bb7d81573327ccf4675e516fc2285443e76bdd8,660518a3902e98aed61b55f7e08e4857bba2aae84db9214ae3bb8800e39c47b2,devstral:latest,local,"{""max_tokens"": 512, ""seed"": 42, ""stop"": [""[/INST]""], ""temperature"": 0.0, ""top_p"": 1.0}",,,,"{""os"": ""Linux 5.15.0-139-generic"", ""pip_freeze"": [""annotated-types==0.7.0"", ""anyio==4.5.2"", ""cachetools==5.5.2"", ""certifi==2025.10.5"", ""charset-normalizer==3.4.4"", ""contourpy==1.1.1"", ""cycler==0.12.1"", ""distro==1.9.0"", ""exceptiongroup==1.3.0"", ""fonttools==4.57.0"", ""google-ai-generativelanguage==0.1.0"", ""google-api-core==2.26.0"", ""google-auth==2.41.1"", ""googleapis-common-protos==1.70.0"", ""grpcio==1.70.0"", ""grpcio-status==1.62.3"", ""h11==0.16.0"", ""httpcore==1.0.9"", ""httpx==0.28.1"", ""idna==3.11"", ""importlib_resources==6.4.5"", ""jiter==0.9.1"", ""kiwisolver==1.4.7"", ""matplotlib==3.7.5"", ""numpy==1.24.4"", ""openai==2.2.0"", ""packaging==25.0"", ""pandas==2.0.3"", ""pillow==10.4.0"", ""pkg_resources==0.0.0"", ""proto-plus==1.26.1"", ""protobuf==4.25.8"", ""pyasn1==0.6.1"", ""pyasn1_modules==0.4.2"", ""pydantic==2.10.6"", ""pydantic_core==2.27.2"", ""pyparsing==3.1.4"", ""python-dateutil==2.9.0.post0"", ""pytz==2025.2"", ""requests==2.32.4"", ""rsa==4.9.1"", ""scipy==1.10.1"", ""six==1.17.0"", ""sniffio==1.3.1"", ""tqdm==4.67.1"", ""typing_extensions==4.13.2"", ""tzdata==2025.2"", ""urllib3==2.2.3"", ""zipp==3.20.2""], ""python"": ""3.8.10""}"
C1_P1_devstral_latest_r03,2025-10-15T09:16:32.228818Z,C1,P1,indiatodayne_in_20230210_c7fded26853e_14_1,Neutral,-1,[1],b0546e9114d0c0d001a863fc9521f2b8cc5c3c9e74c0f96c92759cecfef8b137,df4d3c52b6d8453abe807054e975d46438383a8460f5449ad8103ca50bbba0c5,devstral:latest,local,"{""max_tokens"": 512, ""seed"": 42, ""stop"": [""[/INST]""], ""temperature"": 0.0, ""top_p"": 1.0}",,,,"{""os"": ""Linux 5.15.0-139-generic"", ""pip_freeze"": [""annotated-types==0.7.0"", ""anyio==4.5.2"", ""cachetools==5.5.2"", ""certifi==2025.10.5"", ""charset-normalizer==3.4.4"", ""contourpy==1.1.1"", ""cycler==0.12.1"", ""distro==1.9.0"", ""exceptiongroup==1.3.0"", ""fonttools==4.57.0"", ""google-ai-generativelanguage==0.1.0"", ""google-api-core==2.26.0"", ""google-auth==2.41.1"", ""googleapis-common-protos==1.70.0"", ""grpcio==1.70.0"", ""grpcio-status==1.62.3"", ""h11==0.16.0"", ""httpcore==1.0.9"", ""httpx==0.28.1"", ""idna==3.11"", ""importlib_resources==6.4.5"", ""jiter==0.9.1"", ""kiwisolver==1.4.7"", ""matplotlib==3.7.5"", ""numpy==1.24.4"", ""openai==2.2.0"", ""packaging==25.0"", ""pandas==2.0.3"", ""pillow==10.4.0"", ""pkg_resources==0.0.0"", ""proto-plus==1.26.1"", ""protobuf==4.25.8"", ""pyasn1==0.6.1"", ""pyasn1_modules==0.4.2"", ""pydantic==2.10.6"", ""pydantic_core==2.27.2"", ""pyparsing==3.1.4"", ""python-dateutil==2.9.0.post0"", ""pytz==2025.2"", ""requests==2.32.4"", ""rsa==4.9.1"", ""scipy==1.10.1"", ""six==1.17.0"", ""sniffio==1.3.1"", ""tqdm==4.67.1"", ""typing_extensions==4.13.2"", ""tzdata==2025.2"", ""urllib3==2.2.3"", ""zipp==3.20.2""], ""python"": ""3.8.10""}"
C1_P1_devstral_latest_r03,2025-10-15T09:16:36.153033Z,C1,P1,indiatodayne_in_20220423_fe5ffb6fdf77_22_1,Neutral,0,[],479fb0d12a7b5f0127a4e8fa4fa9d2cf8414314a09d17af1fd2c40b78658b039,ae82724ec8e1b37ba2860557ec2892df98adc3cd4da900e1f34435c3d5455fbe,devstral:latest,local,"{""max_tokens"": 512, ""seed"": 42, ""stop"": [""[/INST]""], ""temperature"": 0.0, ""top_p"": 1.0}",,,,"{""os"": ""Linux 5.15.0-139-generic"", ""pip_freeze"": [""annotated-types==0.7.0"", ""anyio==4.5.2"", ""cachetools==5.5.2"", ""certifi==2025.10.5"", ""charset-normalizer==3.4.4"", ""contourpy==1.1.1"", ""cycler==0.12.1"", ""distro==1.9.0"", ""exceptiongroup==1.3.0"", ""fonttools==4.57.0"", ""google-ai-generativelanguage==0.1.0"", ""google-api-core==2.26.0"", ""google-auth==2.41.1"", ""googleapis-common-protos==1.70.0"", ""grpcio==1.70.0"", ""grpcio-status==1.62.3"", ""h11==0.16.0"", ""httpcore==1.0.9"", ""httpx==0.28.1"", ""idna==3.11"", ""importlib_resources==6.4.5"", ""jiter==0.9.1"", ""kiwisolver==1.4.7"", ""matplotlib==3.7.5"", ""numpy==1.24.4"", ""openai==2.2.0"", ""packaging==25.0"", ""pandas==2.0.3"", ""pillow==10.4.0"", ""pkg_resources==0.0.0"", ""proto-plus==1.26.1"", ""protobuf==4.25.8"", ""pyasn1==0.6.1"", ""pyasn1_modules==0.4.2"", ""pydantic==2.10.6"", ""pydantic_core==2.27.2"", ""pyparsing==3.1.4"", ""python-dateutil==2.9.0.post0"", ""pytz==2025.2"", ""requests==2.32.4"", ""rsa==4.9.1"", ""scipy==1.10.1"", ""six==1.17.0"", ""sniffio==1.3.1"", ""tqdm==4.67.1"", ""typing_extensions==4.13.2"", ""tzdata==2025.2"", ""urllib3==2.2.3"", ""zipp==3.20.2""], ""python"": ""3.8.10""}"
C1_P1_devstral_latest_r03,2025-10-15T09:16:40.632608Z,C1,P1,indiatodayne_in_20200514_ff11d3316d30_22_1,Left,-2,[],78859fe664b7da2f5bb96eeaa611100f173b086ceaa0b0f65369ab0b25bf5d9e,53a09531e3ffa731e10ef0ea031c4491aeea962dbf884aeb7322150fc33dd860,devstral:latest,local,"{""max_tokens"": 512, ""seed"": 42, ""stop"": [""[/INST]""], ""temperature"": 0.0, ""top_p"": 1.0}",,,,"{""os"": ""Linux 5.15.0-139-generic"", ""pip_freeze"": [""annotated-types==0.7.0"", ""anyio==4.5.2"", ""cachetools==5.5.2"", ""certifi==2025.10.5"", ""charset-normalizer==3.4.4"", ""contourpy==1.1.1"", ""cycler==0.12.1"", ""distro==1.9.0"", ""exceptiongroup==1.3.0"", ""fonttools==4.57.0"", ""google-ai-generativelanguage==0.1.0"", ""google-api-core==2.26.0"", ""google-auth==2.41.1"", ""googleapis-common-protos==1.70.0"", ""grpcio==1.70.0"", ""grpcio-status==1.62.3"", ""h11==0.16.0"", ""httpcore==1.0.9"", ""httpx==0.28.1"", ""idna==3.11"", ""importlib_resources==6.4.5"", ""jiter==0.9.1"", ""kiwisolver==1.4.7"", ""matplotlib==3.7.5"", ""numpy==1.24.4"", ""openai==2.2.0"", ""packaging==25.0"", ""pandas==2.0.3"", ""pillow==10.4.0"", ""pkg_resources==0.0.0"", ""proto-plus==1.26.1"", ""protobuf==4.25.8"", ""pyasn1==0.6.1"", ""pyasn1_modules==0.4.2"", ""pydantic==2.10.6"", ""pydantic_core==2.27.2"", ""pyparsing==3.1.4"", ""python-dateutil==2.9.0.post0"", ""pytz==2025.2"", ""requests==2.32.4"", ""rsa==4.9.1"", ""scipy==1.10.1"", ""six==1.17.0"", ""sniffio==1.3.1"", ""tqdm==4.67.1"", ""typing_extensions==4.13.2"", ""tzdata==2025.2"", ""urllib3==2.2.3"", ""zipp==3.20.2""], ""python"": ""3.8.10""}"
C1_P1_devstral_latest_r03,2025-10-15T09:16:44.188158Z,C1,P1,indiatodayne_in_20231019_080f336f083d_13_1,Left,-2,[1],59d86eb7df5fc31d2755f26bce9b2562087f574b4b1fec7e181048e7c6ba3dcc,9815f760d47da35b7f9500b89371c7482ed8d3aed308c19eb204eb85e1235957,devstral:latest,local,"{""max_tokens"": 512, ""seed"": 42, ""stop"": [""[/INST]""], ""temperature"": 0.0, ""top_p"": 1.0}",,,,"{""os"": ""Linux 5.15.0-139-generic"", ""pip_freeze"": [""annotated-types==0.7.0"", ""anyio==4.5.2"", ""cachetools==5.5.2"", ""certifi==2025.10.5"", ""charset-normalizer==3.4.4"", ""contourpy==1.1.1"", ""cycler==0.12.1"", ""distro==1.9.0"", ""exceptiongroup==1.3.0"", ""fonttools==4.57.0"", ""google-ai-generativelanguage==0.1.0"", ""google-api-core==2.26.0"", ""google-auth==2.41.1"", ""googleapis-common-protos==1.70.0"", ""grpcio==1.70.0"", ""grpcio-status==1.62.3"", ""h11==0.16.0"", ""httpcore==1.0.9"", ""httpx==0.28.1"", ""idna==3.11"", ""importlib_resources==6.4.5"", ""jiter==0.9.1"", ""kiwisolver==1.4.7"", ""matplotlib==3.7.5"", ""numpy==1.24.4"", ""openai==2.2.0"", ""packaging==25.0"", ""pandas==2.0.3"", ""pillow==10.4.0"", ""pkg_resources==0.0.0"", ""proto-plus==1.26.1"", ""protobuf==4.25.8"", ""pyasn1==0.6.1"", ""pyasn1_modules==0.4.2"", ""pydantic==2.10.6"", ""pydantic_core==2.27.2"", ""pyparsing==3.1.4"", ""python-dateutil==2.9.0.post0"", ""pytz==2025.2"", ""requests==2.32.4"", ""rsa==4.9.1"", ""scipy==1.10.1"", ""six==1.17.0"", ""sniffio==1.3.1"", ""tqdm==4.67.1"", ""typing_extensions==4.13.2"", ""tzdata==2025.2"", ""urllib3==2.2.3"", ""zipp==3.20.2""], ""python"": ""3.8.10""}"
C1_P1_devstral_latest_r03,2025-10-15T09:16:48.533509Z,C1,P1,indiatodayne_in_20200812_4382c323ae9e_9_1,Neutral,0,[],479fb0d12a7b5f0127a4e8fa4fa9d2cf8414314a09d17af1fd2c40b78658b039,9d14b0ac8151dc8ccb1d97e33fecee87b9e41177c97c04d9ea171c363da6d8b7,devstral:latest,local,"{""max_tokens"": 512, ""seed"": 42, ""stop"": [""[/INST]""], ""temperature"": 0.0, ""top_p"": 1.0}",,,,"{""os"": ""Linux 5.15.0-139-generic"", ""pip_freeze"": [""annotated-types==0.7.0"", ""anyio==4.5.2"", ""cachetools==5.5.2"", ""certifi==2025.10.5"", ""charset-normalizer==3.4.4"", ""contourpy==1.1.1"", ""cycler==0.12.1"", ""distro==1.9.0"", ""exceptiongroup==1.3.0"", ""fonttools==4.57.0"", ""google-ai-generativelanguage==0.1.0"", ""google-api-core==2.26.0"", ""google-auth==2.41.1"", ""googleapis-common-protos==1.70.0"", ""grpcio==1.70.0"", ""grpcio-status==1.62.3"", ""h11==0.16.0"", ""httpcore==1.0.9"", ""httpx==0.28.1"", ""idna==3.11"", ""importlib_resources==6.4.5"", ""jiter==0.9.1"", ""kiwisolver==1.4.7"", ""matplotlib==3.7.5"", ""numpy==1.24.4"", ""openai==2.2.0"", ""packaging==25.0"", ""pandas==2.0.3"", ""pillow==10.4.0"", ""pkg_resources==0.0.0"", ""proto-plus==1.26.1"", ""protobuf==4.25.8"", ""pyasn1==0.6.1"", ""pyasn1_modules==0.4.2"", ""pydantic==2.10.6"", ""pydantic_core==2.27.2"", ""pyparsing==3.1.4"", ""python-dateutil==2.9.0.post0"", ""pytz==2025.2"", ""requests==2.32.4"", ""rsa==4.9.1"", ""scipy==1.10.1"", ""six==1.17.0"", ""sniffio==1.3.1"", ""tqdm==4.67.1"", ""typing_extensions==4.13.2"", ""tzdata==2025.2"", ""urllib3==2.2.3"", ""zipp==3.20.2""], ""python"": ""3.8.10""}"
C1_P1_devstral_latest_r03,2025-10-15T09:16:52.648443Z,C1,P1,indiatodayne_in_20210815_99acdd07a4bf_5_1,Right,2,[],bb02967b74e3dd3d0f380ae122f1dadd8b70dc7f92d69d5d0587032bc95e4e7e,7cfd641767271c28bddf705035f6498092bb743953aa5917d9f5c861b2a1ac09,devstral:latest,local,"{""max_tokens"": 512, ""seed"": 42, ""stop"": [""[/INST]""], ""temperature"": 0.0, ""top_p"": 1.0}",,,,"{""os"": ""Linux 5.15.0-139-generic"", ""pip_freeze"": [""annotated-types==0.7.0"", ""anyio==4.5.2"", ""cachetools==5.5.2"", ""certifi==2025.10.5"", ""charset-normalizer==3.4.4"", ""contourpy==1.1.1"", ""cycler==0.12.1"", ""distro==1.9.0"", ""exceptiongroup==1.3.0"", ""fonttools==4.57.0"", ""google-ai-generativelanguage==0.1.0"", ""google-api-core==2.26.0"", ""google-auth==2.41.1"", ""googleapis-common-protos==1.70.0"", ""grpcio==1.70.0"", ""grpcio-status==1.62.3"", ""h11==0.16.0"", ""httpcore==1.0.9"", ""httpx==0.28.1"", ""idna==3.11"", ""importlib_resources==6.4.5"", ""jiter==0.9.1"", ""kiwisolver==1.4.7"", ""matplotlib==3.7.5"", ""numpy==1.24.4"", ""openai==2.2.0"", ""packaging==25.0"", ""pandas==2.0.3"", ""pillow==10.4.0"", ""pkg_resources==0.0.0"", ""proto-plus==1.26.1"", ""protobuf==4.25.8"", ""pyasn1==0.6.1"", ""pyasn1_modules==0.4.2"", ""pydantic==2.10.6"", ""pydantic_core==2.27.2"", ""pyparsing==3.1.4"", ""python-dateutil==2.9.0.post0"", ""pytz==2025.2"", ""requests==2.32.4"", ""rsa==4.9.1"", ""scipy==1.10.1"", ""six==1.17.0"", ""sniffio==1.3.1"", ""tqdm==4.67.1"", ""typing_extensions==4.13.2"", ""tzdata==2025.2"", ""urllib3==2.2.3"", ""zipp==3.20.2""], ""python"": ""3.8.10""}"
C1_P1_devstral_latest_r03,2025-10-15T09:16:55.928423Z,C1,P1,livemint_com_NA_757eb18a16fa_11_1,Neutral,0,[],f94c96871dc58ffe08cdcdc39c00b1ec77961fbe85877c7e295a8271005e4a48,0fd3afe0ca1078b9fa1bf0407a4fb2be9e14c6deed42d5af2d9be0227f726b23,devstral:latest,local,"{""max_tokens"": 512, ""seed"": 42, ""stop"": [""[/INST]""], ""temperature"": 0.0, ""top_p"": 1.0}",,,,"{""os"": ""Linux 5.15.0-139-generic"", ""pip_freeze"": [""annotated-types==0.7.0"", ""anyio==4.5.2"", ""cachetools==5.5.2"", ""certifi==2025.10.5"", ""charset-normalizer==3.4.4"", ""contourpy==1.1.1"", ""cycler==0.12.1"", ""distro==1.9.0"", ""exceptiongroup==1.3.0"", ""fonttools==4.57.0"", ""google-ai-generativelanguage==0.1.0"", ""google-api-core==2.26.0"", ""google-auth==2.41.1"", ""googleapis-common-protos==1.70.0"", ""grpcio==1.70.0"", ""grpcio-status==1.62.3"", ""h11==0.16.0"", ""httpcore==1.0.9"", ""httpx==0.28.1"", ""idna==3.11"", ""importlib_resources==6.4.5"", ""jiter==0.9.1"", ""kiwisolver==1.4.7"", ""matplotlib==3.7.5"", ""numpy==1.24.4"", ""openai==2.2.0"", ""packaging==25.0"", ""pandas==2.0.3"", ""pillow==10.4.0"", ""pkg_resources==0.0.0"", ""proto-plus==1.26.1"", ""protobuf==4.25.8"", ""pyasn1==0.6.1"", ""pyasn1_modules==0.4.2"", ""pydantic==2.10.6"", ""pydantic_core==2.27.2"", ""pyparsing==3.1.4"", ""python-dateutil==2.9.0.post0"", ""pytz==2025.2"", ""requests==2.32.4"", ""rsa==4.9.1"", ""scipy==1.10.1"", ""six==1.17.0"", ""sniffio==1.3.1"", ""tqdm==4.67.1"", ""typing_extensions==4.13.2"", ""tzdata==2025.2"", ""urllib3==2.2.3"", ""zipp==3.20.2""], ""python"": ""3.8.10""}"
C1_P1_devstral_latest_r03,2025-10-15T09:16:59.741884Z,C1,P1,livemint_com_NA_96fbb6f269d0_22_1,Left,-3,[1],9c353242d5c7a34e7d2e6db2a62eb9c196cfa339b4033e104a6efbd8e9485e2e,adf1756fe49ed232c9c9ceb03ce5f04320ac63875dd3345fea460fc181d490f7,devstral:latest,local,"{""max_tokens"": 512, ""seed"": 42, ""stop"": [""[/INST]""], ""temperature"": 0.0, ""top_p"": 1.0}",,,,"{""os"": ""Linux 5.15.0-139-generic"", ""pip_freeze"": [""annotated-types==0.7.0"", ""anyio==4.5.2"", ""cachetools==5.5.2"", ""certifi==2025.10.5"", ""charset-normalizer==3.4.4"", ""contourpy==1.1.1"", ""cycler==0.12.1"", ""distro==1.9.0"", ""exceptiongroup==1.3.0"", ""fonttools==4.57.0"", ""google-ai-generativelanguage==0.1.0"", ""google-api-core==2.26.0"", ""google-auth==2.41.1"", ""googleapis-common-protos==1.70.0"", ""grpcio==1.70.0"", ""grpcio-status==1.62.3"", ""h11==0.16.0"", ""httpcore==1.0.9"", ""httpx==0.28.1"", ""idna==3.11"", ""importlib_resources==6.4.5"", ""jiter==0.9.1"", ""kiwisolver==1.4.7"", ""matplotlib==3.7.5"", ""numpy==1.24.4"", ""openai==2.2.0"", ""packaging==25.0"", ""pandas==2.0.3"", ""pillow==10.4.0"", ""pkg_resources==0.0.0"", ""proto-plus==1.26.1"", ""protobuf==4.25.8"", ""pyasn1==0.6.1"", ""pyasn1_modules==0.4.2"", ""pydantic==2.10.6"", ""pydantic_core==2.27.2"", ""pyparsing==3.1.4"", ""python-dateutil==2.9.0.post0"", ""pytz==2025.2"", ""requests==2.32.4"", ""rsa==4.9.1"", ""scipy==1.10.1"", ""six==1.17.0"", ""sniffio==1.3.1"", ""tqdm==4.67.1"", ""typing_extensions==4.13.2"", ""tzdata==2025.2"", ""urllib3==2.2.3"", ""zipp==3.20.2""], ""python"": ""3.8.10""}"
C1_P1_devstral_latest_r03,2025-10-15T09:17:04.129211Z,C1,P1,livemint_com_NA_1473916970ea_25_1,Left,-5,[1],718542c48785a083d80c1990314c63e9e399dcb43f664ee7407f14b70c929175,ba9cdfd248e4b0ed429fa473ab8a329cb1f4cfe724ca8c804763ec7852e121f0,devstral:latest,local,"{""max_tokens"": 512, ""seed"": 42, ""stop"": [""[/INST]""], ""temperature"": 0.0, ""top_p"": 1.0}",,,,"{""os"": ""Linux 5.15.0-139-generic"", ""pip_freeze"": [""annotated-types==0.7.0"", ""anyio==4.5.2"", ""cachetools==5.5.2"", ""certifi==2025.10.5"", ""charset-normalizer==3.4.4"", ""contourpy==1.1.1"", ""cycler==0.12.1"", ""distro==1.9.0"", ""exceptiongroup==1.3.0"", ""fonttools==4.57.0"", ""google-ai-generativelanguage==0.1.0"", ""google-api-core==2.26.0"", ""google-auth==2.41.1"", ""googleapis-common-protos==1.70.0"", ""grpcio==1.70.0"", ""grpcio-status==1.62.3"", ""h11==0.16.0"", ""httpcore==1.0.9"", ""httpx==0.28.1"", ""idna==3.11"", ""importlib_resources==6.4.5"", ""jiter==0.9.1"", ""kiwisolver==1.4.7"", ""matplotlib==3.7.5"", ""numpy==1.24.4"", ""openai==2.2.0"", ""packaging==25.0"", ""pandas==2.0.3"", ""pillow==10.4.0"", ""pkg_resources==0.0.0"", ""proto-plus==1.26.1"", ""protobuf==4.25.8"", ""pyasn1==0.6.1"", ""pyasn1_modules==0.4.2"", ""pydantic==2.10.6"", ""pydantic_core==2.27.2"", ""pyparsing==3.1.4"", ""python-dateutil==2.9.0.post0"", ""pytz==2025.2"", ""requests==2.32.4"", ""rsa==4.9.1"", ""scipy==1.10.1"", ""six==1.17.0"", ""sniffio==1.3.1"", ""tqdm==4.67.1"", ""typing_extensions==4.13.2"", ""tzdata==2025.2"", ""urllib3==2.2.3"", ""zipp==3.20.2""], ""python"": ""3.8.10""}"
C1_P1_devstral_latest_r03,2025-10-15T09:17:07.893097Z,C1,P1,livemint_com_NA_b5a4a4fd24c2_44_1,Neutral,1,[1],ef46e738688dee1fe1ea4db10ac8053c219d4b407cbd0324a78ebe3bfa7ffcc6,33ba4f36d531d2517ec88052acd4b4577f3067df457b8cdad655b6d8a5e689f2,devstral:latest,local,"{""max_tokens"": 512, ""seed"": 42, ""stop"": [""[/INST]""], ""temperature"": 0.0, ""top_p"": 1.0}",,,,"{""os"": ""Linux 5.15.0-139-generic"", ""pip_freeze"": [""annotated-types==0.7.0"", ""anyio==4.5.2"", ""cachetools==5.5.2"", ""certifi==2025.10.5"", ""charset-normalizer==3.4.4"", ""contourpy==1.1.1"", ""cycler==0.12.1"", ""distro==1.9.0"", ""exceptiongroup==1.3.0"", ""fonttools==4.57.0"", ""google-ai-generativelanguage==0.1.0"", ""google-api-core==2.26.0"", ""google-auth==2.41.1"", ""googleapis-common-protos==1.70.0"", ""grpcio==1.70.0"", ""grpcio-status==1.62.3"", ""h11==0.16.0"", ""httpcore==1.0.9"", ""httpx==0.28.1"", ""idna==3.11"", ""importlib_resources==6.4.5"", ""jiter==0.9.1"", ""kiwisolver==1.4.7"", ""matplotlib==3.7.5"", ""numpy==1.24.4"", ""openai==2.2.0"", ""packaging==25.0"", ""pandas==2.0.3"", ""pillow==10.4.0"", ""pkg_resources==0.0.0"", ""proto-plus==1.26.1"", ""protobuf==4.25.8"", ""pyasn1==0.6.1"", ""pyasn1_modules==0.4.2"", ""pydantic==2.10.6"", ""pydantic_core==2.27.2"", ""pyparsing==3.1.4"", ""python-dateutil==2.9.0.post0"", ""pytz==2025.2"", ""requests==2.32.4"", ""rsa==4.9.1"", ""scipy==1.10.1"", ""six==1.17.0"", ""sniffio==1.3.1"", ""tqdm==4.67.1"", ""typing_extensions==4.13.2"", ""tzdata==2025.2"", ""urllib3==2.2.3"", ""zipp==3.20.2""], ""python"": ""3.8.10""}"
C1_P1_devstral_latest_r03,2025-10-15T09:17:12.453766Z,C1,P1,livemint_com_NA_760b0da2a67d_72_1,Left,-8,[1],45d0eddc041ca75a574a33612f3a63af12e42e1ac1e1b3d27d5ccc7061c5229b,908c5f3cd692acf8d6d58ed663dde48d8ef94c4aeee68c456fee0aded059b6eb,devstral:latest,local,"{""max_tokens"": 512, ""seed"": 42, ""stop"": [""[/INST]""], ""temperature"": 0.0, ""top_p"": 1.0}",,,,"{""os"": ""Linux 5.15.0-139-generic"", ""pip_freeze"": [""annotated-types==0.7.0"", ""anyio==4.5.2"", ""cachetools==5.5.2"", ""certifi==2025.10.5"", ""charset-normalizer==3.4.4"", ""contourpy==1.1.1"", ""cycler==0.12.1"", ""distro==1.9.0"", ""exceptiongroup==1.3.0"", ""fonttools==4.57.0"", ""google-ai-generativelanguage==0.1.0"", ""google-api-core==2.26.0"", ""google-auth==2.41.1"", ""googleapis-common-protos==1.70.0"", ""grpcio==1.70.0"", ""grpcio-status==1.62.3"", ""h11==0.16.0"", ""httpcore==1.0.9"", ""httpx==0.28.1"", ""idna==3.11"", ""importlib_resources==6.4.5"", ""jiter==0.9.1"", ""kiwisolver==1.4.7"", ""matplotlib==3.7.5"", ""numpy==1.24.4"", ""openai==2.2.0"", ""packaging==25.0"", ""pandas==2.0.3"", ""pillow==10.4.0"", ""pkg_resources==0.0.0"", ""proto-plus==1.26.1"", ""protobuf==4.25.8"", ""pyasn1==0.6.1"", ""pyasn1_modules==0.4.2"", ""pydantic==2.10.6"", ""pydantic_core==2.27.2"", ""pyparsing==3.1.4"", ""python-dateutil==2.9.0.post0"", ""pytz==2025.2"", ""requests==2.32.4"", ""rsa==4.9.1"", ""scipy==1.10.1"", ""six==1.17.0"", ""sniffio==1.3.1"", ""tqdm==4.67.1"", ""typing_extensions==4.13.2"", ""tzdata==2025.2"", ""urllib3==2.2.3"", ""zipp==3.20.2""], ""python"": ""3.8.10""}"
C1_P1_devstral_latest_r03,2025-10-15T09:17:16.060511Z,C1,P1,livemint_com_NA_ee5ff57f97c5_15_1,Neutral,0,[],479fb0d12a7b5f0127a4e8fa4fa9d2cf8414314a09d17af1fd2c40b78658b039,fab06b6c19cadf10a29a0f7ea82d29d28b25133b698196f3cb5acd837d3a2c92,devstral:latest,local,"{""max_tokens"": 512, ""seed"": 42, ""stop"": [""[/INST]""], ""temperature"": 0.0, ""top_p"": 1.0}",,,,"{""os"": ""Linux 5.15.0-139-generic"", ""pip_freeze"": [""annotated-types==0.7.0"", ""anyio==4.5.2"", ""cachetools==5.5.2"", ""certifi==2025.10.5"", ""charset-normalizer==3.4.4"", ""contourpy==1.1.1"", ""cycler==0.12.1"", ""distro==1.9.0"", ""exceptiongroup==1.3.0"", ""fonttools==4.57.0"", ""google-ai-generativelanguage==0.1.0"", ""google-api-core==2.26.0"", ""google-auth==2.41.1"", ""googleapis-common-protos==1.70.0"", ""grpcio==1.70.0"", ""grpcio-status==1.62.3"", ""h11==0.16.0"", ""httpcore==1.0.9"", ""httpx==0.28.1"", ""idna==3.11"", ""importlib_resources==6.4.5"", ""jiter==0.9.1"", ""kiwisolver==1.4.7"", ""matplotlib==3.7.5"", ""numpy==1.24.4"", ""openai==2.2.0"", ""packaging==25.0"", ""pandas==2.0.3"", ""pillow==10.4.0"", ""pkg_resources==0.0.0"", ""proto-plus==1.26.1"", ""protobuf==4.25.8"", ""pyasn1==0.6.1"", ""pyasn1_modules==0.4.2"", ""pydantic==2.10.6"", ""pydantic_core==2.27.2"", ""pyparsing==3.1.4"", ""python-dateutil==2.9.0.post0"", ""pytz==2025.2"", ""requests==2.32.4"", ""rsa==4.9.1"", ""scipy==1.10.1"", ""six==1.17.0"", ""sniffio==1.3.1"", ""tqdm==4.67.1"", ""typing_extensions==4.13.2"", ""tzdata==2025.2"", ""urllib3==2.2.3"", ""zipp==3.20.2""], ""python"": ""3.8.10""}"
C1_P1_devstral_latest_r03,2025-10-15T09:17:19.745278Z,C1,P1,livemint_com_NA_314393d8828f_24_1,Neutral,0,[],479fb0d12a7b5f0127a4e8fa4fa9d2cf8414314a09d17af1fd2c40b78658b039,39465dbac2266688613bfe51b4dfaf6ffd94264553d6b91dbdf4b9e05a06393b,devstral:latest,local,"{""max_tokens"": 512, ""seed"": 42, ""stop"": [""[/INST]""], ""temperature"": 0.0, ""top_p"": 1.0}",,,,"{""os"": ""Linux 5.15.0-139-generic"", ""pip_freeze"": [""annotated-types==0.7.0"", ""anyio==4.5.2"", ""cachetools==5.5.2"", ""certifi==2025.10.5"", ""charset-normalizer==3.4.4"", ""contourpy==1.1.1"", ""cycler==0.12.1"", ""distro==1.9.0"", ""exceptiongroup==1.3.0"", ""fonttools==4.57.0"", ""google-ai-generativelanguage==0.1.0"", ""google-api-core==2.26.0"", ""google-auth==2.41.1"", ""googleapis-common-protos==1.70.0"", ""grpcio==1.70.0"", ""grpcio-status==1.62.3"", ""h11==0.16.0"", ""httpcore==1.0.9"", ""httpx==0.28.1"", ""idna==3.11"", ""importlib_resources==6.4.5"", ""jiter==0.9.1"", ""kiwisolver==1.4.7"", ""matplotlib==3.7.5"", ""numpy==1.24.4"", ""openai==2.2.0"", ""packaging==25.0"", ""pandas==2.0.3"", ""pillow==10.4.0"", ""pkg_resources==0.0.0"", ""proto-plus==1.26.1"", ""protobuf==4.25.8"", ""pyasn1==0.6.1"", ""pyasn1_modules==0.4.2"", ""pydantic==2.10.6"", ""pydantic_core==2.27.2"", ""pyparsing==3.1.4"", ""python-dateutil==2.9.0.post0"", ""pytz==2025.2"", ""requests==2.32.4"", ""rsa==4.9.1"", ""scipy==1.10.1"", ""six==1.17.0"", ""sniffio==1.3.1"", ""tqdm==4.67.1"", ""typing_extensions==4.13.2"", ""tzdata==2025.2"", ""urllib3==2.2.3"", ""zipp==3.20.2""], ""python"": ""3.8.10""}"
C1_P1_devstral_latest_r03,2025-10-15T09:17:23.392815Z,C1,P1,livemint_com_NA_acf208912fb6_34_1,Right,5,[1],50c41798b7000ea3fbfa0fab986c52e001fdf191d6b94edddcd4b1c53c2e81d9,891f88910a6ebf8a300dcdcc07292e1222bacdad6361f0179685d899a804794a,devstral:latest,local,"{""max_tokens"": 512, ""seed"": 42, ""stop"": [""[/INST]""], ""temperature"": 0.0, ""top_p"": 1.0}",,,,"{""os"": ""Linux 5.15.0-139-generic"", ""pip_freeze"": [""annotated-types==0.7.0"", ""anyio==4.5.2"", ""cachetools==5.5.2"", ""certifi==2025.10.5"", ""charset-normalizer==3.4.4"", ""contourpy==1.1.1"", ""cycler==0.12.1"", ""distro==1.9.0"", ""exceptiongroup==1.3.0"", ""fonttools==4.57.0"", ""google-ai-generativelanguage==0.1.0"", ""google-api-core==2.26.0"", ""google-auth==2.41.1"", ""googleapis-common-protos==1.70.0"", ""grpcio==1.70.0"", ""grpcio-status==1.62.3"", ""h11==0.16.0"", ""httpcore==1.0.9"", ""httpx==0.28.1"", ""idna==3.11"", ""importlib_resources==6.4.5"", ""jiter==0.9.1"", ""kiwisolver==1.4.7"", ""matplotlib==3.7.5"", ""numpy==1.24.4"", ""openai==2.2.0"", ""packaging==25.0"", ""pandas==2.0.3"", ""pillow==10.4.0"", ""pkg_resources==0.0.0"", ""proto-plus==1.26.1"", ""protobuf==4.25.8"", ""pyasn1==0.6.1"", ""pyasn1_modules==0.4.2"", ""pydantic==2.10.6"", ""pydantic_core==2.27.2"", ""pyparsing==3.1.4"", ""python-dateutil==2.9.0.post0"", ""pytz==2025.2"", ""requests==2.32.4"", ""rsa==4.9.1"", ""scipy==1.10.1"", ""six==1.17.0"", ""sniffio==1.3.1"", ""tqdm==4.67.1"", ""typing_extensions==4.13.2"", ""tzdata==2025.2"", ""urllib3==2.2.3"", ""zipp==3.20.2""], ""python"": ""3.8.10""}"
C1_P1_devstral_latest_r03,2025-10-15T09:17:27.317303Z,C1,P1,moneycontrol_com_NA_9c7b1bb0f226_21_1,Neutral,0,[1],6208d3fb68aa08ba54f9df347c226912b420355e1071acd453bbfee7d7ada33c,4d98fc23caaa83a1c4e6d9f25d3fe1670108cccd3fdc05571c3b5e85fdfcaf1f,devstral:latest,local,"{""max_tokens"": 512, ""seed"": 42, ""stop"": [""[/INST]""], ""temperature"": 0.0, ""top_p"": 1.0}",,,,"{""os"": ""Linux 5.15.0-139-generic"", ""pip_freeze"": [""annotated-types==0.7.0"", ""anyio==4.5.2"", ""cachetools==5.5.2"", ""certifi==2025.10.5"", ""charset-normalizer==3.4.4"", ""contourpy==1.1.1"", ""cycler==0.12.1"", ""distro==1.9.0"", ""exceptiongroup==1.3.0"", ""fonttools==4.57.0"", ""google-ai-generativelanguage==0.1.0"", ""google-api-core==2.26.0"", ""google-auth==2.41.1"", ""googleapis-common-protos==1.70.0"", ""grpcio==1.70.0"", ""grpcio-status==1.62.3"", ""h11==0.16.0"", ""httpcore==1.0.9"", ""httpx==0.28.1"", ""idna==3.11"", ""importlib_resources==6.4.5"", ""jiter==0.9.1"", ""kiwisolver==1.4.7"", ""matplotlib==3.7.5"", ""numpy==1.24.4"", ""openai==2.2.0"", ""packaging==25.0"", ""pandas==2.0.3"", ""pillow==10.4.0"", ""pkg_resources==0.0.0"", ""proto-plus==1.26.1"", ""protobuf==4.25.8"", ""pyasn1==0.6.1"", ""pyasn1_modules==0.4.2"", ""pydantic==2.10.6"", ""pydantic_core==2.27.2"", ""pyparsing==3.1.4"", ""python-dateutil==2.9.0.post0"", ""pytz==2025.2"", ""requests==2.32.4"", ""rsa==4.9.1"", ""scipy==1.10.1"", ""six==1.17.0"", ""sniffio==1.3.1"", ""tqdm==4.67.1"", ""typing_extensions==4.13.2"", ""tzdata==2025.2"", ""urllib3==2.2.3"", ""zipp==3.20.2""], ""python"": ""3.8.10""}"
C1_P1_devstral_latest_r03,2025-10-15T09:17:30.750706Z,C1,P1,moneycontrol_com_NA_22579d59f3c7_11_1,Neutral,0,[1],820b862bf7dabbc41fd4d895b44912b8717a8886a78e74503975b13a2dd9094b,fb935faa2c206aa74fb21b39d9ba07523cfde70c677e85c24bf777fe1c14997e,devstral:latest,local,"{""max_tokens"": 512, ""seed"": 42, ""stop"": [""[/INST]""], ""temperature"": 0.0, ""top_p"": 1.0}",,,,"{""os"": ""Linux 5.15.0-139-generic"", ""pip_freeze"": [""annotated-types==0.7.0"", ""anyio==4.5.2"", ""cachetools==5.5.2"", ""certifi==2025.10.5"", ""charset-normalizer==3.4.4"", ""contourpy==1.1.1"", ""cycler==0.12.1"", ""distro==1.9.0"", ""exceptiongroup==1.3.0"", ""fonttools==4.57.0"", ""google-ai-generativelanguage==0.1.0"", ""google-api-core==2.26.0"", ""google-auth==2.41.1"", ""googleapis-common-protos==1.70.0"", ""grpcio==1.70.0"", ""grpcio-status==1.62.3"", ""h11==0.16.0"", ""httpcore==1.0.9"", ""httpx==0.28.1"", ""idna==3.11"", ""importlib_resources==6.4.5"", ""jiter==0.9.1"", ""kiwisolver==1.4.7"", ""matplotlib==3.7.5"", ""numpy==1.24.4"", ""openai==2.2.0"", ""packaging==25.0"", ""pandas==2.0.3"", ""pillow==10.4.0"", ""pkg_resources==0.0.0"", ""proto-plus==1.26.1"", ""protobuf==4.25.8"", ""pyasn1==0.6.1"", ""pyasn1_modules==0.4.2"", ""pydantic==2.10.6"", ""pydantic_core==2.27.2"", ""pyparsing==3.1.4"", ""python-dateutil==2.9.0.post0"", ""pytz==2025.2"", ""requests==2.32.4"", ""rsa==4.9.1"", ""scipy==1.10.1"", ""six==1.17.0"", ""sniffio==1.3.1"", ""tqdm==4.67.1"", ""typing_extensions==4.13.2"", ""tzdata==2025.2"", ""urllib3==2.2.3"", ""zipp==3.20.2""], ""python"": ""3.8.10""}"
C1_P1_devstral_latest_r03,2025-10-15T09:17:33.769614Z,C1,P1,moneycontrol_com_NA_260c3b6a9bb2_8_1,Neutral,0,[],17172c717cb38cc05edf897982c538285188dfcc97fdda87e51aba6e6094b630,32ce28d6adb77e1e92cae5485ad967b5e6b4416ef625b7eb3eae33d1d7c3ec45,devstral:latest,local,"{""max_tokens"": 512, ""seed"": 42, ""stop"": [""[/INST]""], ""temperature"": 0.0, ""top_p"": 1.0}",,,,"{""os"": ""Linux 5.15.0-139-generic"", ""pip_freeze"": [""annotated-types==0.7.0"", ""anyio==4.5.2"", ""cachetools==5.5.2"", ""certifi==2025.10.5"", ""charset-normalizer==3.4.4"", ""contourpy==1.1.1"", ""cycler==0.12.1"", ""distro==1.9.0"", ""exceptiongroup==1.3.0"", ""fonttools==4.57.0"", ""google-ai-generativelanguage==0.1.0"", ""google-api-core==2.26.0"", ""google-auth==2.41.1"", ""googleapis-common-protos==1.70.0"", ""grpcio==1.70.0"", ""grpcio-status==1.62.3"", ""h11==0.16.0"", ""httpcore==1.0.9"", ""httpx==0.28.1"", ""idna==3.11"", ""importlib_resources==6.4.5"", ""jiter==0.9.1"", ""kiwisolver==1.4.7"", ""matplotlib==3.7.5"", ""numpy==1.24.4"", ""openai==2.2.0"", ""packaging==25.0"", ""pandas==2.0.3"", ""pillow==10.4.0"", ""pkg_resources==0.0.0"", ""proto-plus==1.26.1"", ""protobuf==4.25.8"", ""pyasn1==0.6.1"", ""pyasn1_modules==0.4.2"", ""pydantic==2.10.6"", ""pydantic_core==2.27.2"", ""pyparsing==3.1.4"", ""python-dateutil==2.9.0.post0"", ""pytz==2025.2"", ""requests==2.32.4"", ""rsa==4.9.1"", ""scipy==1.10.1"", ""six==1.17.0"", ""sniffio==1.3.1"", ""tqdm==4.67.1"", ""typing_extensions==4.13.2"", ""tzdata==2025.2"", ""urllib3==2.2.3"", ""zipp==3.20.2""], ""python"": ""3.8.10""}"
C1_P1_devstral_latest_r03,2025-10-15T09:17:37.012900Z,C1,P1,moneycontrol_com_NA_cc640e5592a6_13_1,Neutral,0,[1],9075c1e09271b88e8c534257e75e548fc38f2306b21d6f857699481ef7c65cb1,b3cb0779123decc1738ead305867250af9fe6e64790c921e8fb2817594bae4cf,devstral:latest,local,"{""max_tokens"": 512, ""seed"": 42, ""stop"": [""[/INST]""], ""temperature"": 0.0, ""top_p"": 1.0}",,,,"{""os"": ""Linux 5.15.0-139-generic"", ""pip_freeze"": [""annotated-types==0.7.0"", ""anyio==4.5.2"", ""cachetools==5.5.2"", ""certifi==2025.10.5"", ""charset-normalizer==3.4.4"", ""contourpy==1.1.1"", ""cycler==0.12.1"", ""distro==1.9.0"", ""exceptiongroup==1.3.0"", ""fonttools==4.57.0"", ""google-ai-generativelanguage==0.1.0"", ""google-api-core==2.26.0"", ""google-auth==2.41.1"", ""googleapis-common-protos==1.70.0"", ""grpcio==1.70.0"", ""grpcio-status==1.62.3"", ""h11==0.16.0"", ""httpcore==1.0.9"", ""httpx==0.28.1"", ""idna==3.11"", ""importlib_resources==6.4.5"", ""jiter==0.9.1"", ""kiwisolver==1.4.7"", ""matplotlib==3.7.5"", ""numpy==1.24.4"", ""openai==2.2.0"", ""packaging==25.0"", ""pandas==2.0.3"", ""pillow==10.4.0"", ""pkg_resources==0.0.0"", ""proto-plus==1.26.1"", ""protobuf==4.25.8"", ""pyasn1==0.6.1"", ""pyasn1_modules==0.4.2"", ""pydantic==2.10.6"", ""pydantic_core==2.27.2"", ""pyparsing==3.1.4"", ""python-dateutil==2.9.0.post0"", ""pytz==2025.2"", ""requests==2.32.4"", ""rsa==4.9.1"", ""scipy==1.10.1"", ""six==1.17.0"", ""sniffio==1.3.1"", ""tqdm==4.67.1"", ""typing_extensions==4.13.2"", ""tzdata==2025.2"", ""urllib3==2.2.3"", ""zipp==3.20.2""], ""python"": ""3.8.10""}"
C1_P1_devstral_latest_r03,2025-10-15T09:17:40.671632Z,C1,P1,moneycontrol_com_NA_9c7b1bb0f226_16_1,Neutral,0,[],6e9d58e9122cdc87fcb1d373d32f9b15d59720d2a418cb1f76ccda11308e3c39,8786523d7f2fbec88c8fb7eda8a61d0ec967c492fac7d7791a5dde4d287da607,devstral:latest,local,"{""max_tokens"": 512, ""seed"": 42, ""stop"": [""[/INST]""], ""temperature"": 0.0, ""top_p"": 1.0}",,,,"{""os"": ""Linux 5.15.0-139-generic"", ""pip_freeze"": [""annotated-types==0.7.0"", ""anyio==4.5.2"", ""cachetools==5.5.2"", ""certifi==2025.10.5"", ""charset-normalizer==3.4.4"", ""contourpy==1.1.1"", ""cycler==0.12.1"", ""distro==1.9.0"", ""exceptiongroup==1.3.0"", ""fonttools==4.57.0"", ""google-ai-generativelanguage==0.1.0"", ""google-api-core==2.26.0"", ""google-auth==2.41.1"", ""googleapis-common-protos==1.70.0"", ""grpcio==1.70.0"", ""grpcio-status==1.62.3"", ""h11==0.16.0"", ""httpcore==1.0.9"", ""httpx==0.28.1"", ""idna==3.11"", ""importlib_resources==6.4.5"", ""jiter==0.9.1"", ""kiwisolver==1.4.7"", ""matplotlib==3.7.5"", ""numpy==1.24.4"", ""openai==2.2.0"", ""packaging==25.0"", ""pandas==2.0.3"", ""pillow==10.4.0"", ""pkg_resources==0.0.0"", ""proto-plus==1.26.1"", ""protobuf==4.25.8"", ""pyasn1==0.6.1"", ""pyasn1_modules==0.4.2"", ""pydantic==2.10.6"", ""pydantic_core==2.27.2"", ""pyparsing==3.1.4"", ""python-dateutil==2.9.0.post0"", ""pytz==2025.2"", ""requests==2.32.4"", ""rsa==4.9.1"", ""scipy==1.10.1"", ""six==1.17.0"", ""sniffio==1.3.1"", ""tqdm==4.67.1"", ""typing_extensions==4.13.2"", ""tzdata==2025.2"", ""urllib3==2.2.3"", ""zipp==3.20.2""], ""python"": ""3.8.10""}"
C1_P1_devstral_latest_r03,2025-10-15T09:17:43.392833Z,C1,P1,moneycontrol_com_NA_bcb85a5d2ff5_11_1,Neutral,0,[1],5d9e9e6806569510816970fc8d8e6c358621e95c77aca6b2bf49676130346007,39e1dab9e03cd7e09cab8c67b7380df3025bdf1106b4027ba1bf0fb89857c69b,devstral:latest,local,"{""max_tokens"": 512, ""seed"": 42, ""stop"": [""[/INST]""], ""temperature"": 0.0, ""top_p"": 1.0}",,,,"{""os"": ""Linux 5.15.0-139-generic"", ""pip_freeze"": [""annotated-types==0.7.0"", ""anyio==4.5.2"", ""cachetools==5.5.2"", ""certifi==2025.10.5"", ""charset-normalizer==3.4.4"", ""contourpy==1.1.1"", ""cycler==0.12.1"", ""distro==1.9.0"", ""exceptiongroup==1.3.0"", ""fonttools==4.57.0"", ""google-ai-generativelanguage==0.1.0"", ""google-api-core==2.26.0"", ""google-auth==2.41.1"", ""googleapis-common-protos==1.70.0"", ""grpcio==1.70.0"", ""grpcio-status==1.62.3"", ""h11==0.16.0"", ""httpcore==1.0.9"", ""httpx==0.28.1"", ""idna==3.11"", ""importlib_resources==6.4.5"", ""jiter==0.9.1"", ""kiwisolver==1.4.7"", ""matplotlib==3.7.5"", ""numpy==1.24.4"", ""openai==2.2.0"", ""packaging==25.0"", ""pandas==2.0.3"", ""pillow==10.4.0"", ""pkg_resources==0.0.0"", ""proto-plus==1.26.1"", ""protobuf==4.25.8"", ""pyasn1==0.6.1"", ""pyasn1_modules==0.4.2"", ""pydantic==2.10.6"", ""pydantic_core==2.27.2"", ""pyparsing==3.1.4"", ""python-dateutil==2.9.0.post0"", ""pytz==2025.2"", ""requests==2.32.4"", ""rsa==4.9.1"", ""scipy==1.10.1"", ""six==1.17.0"", ""sniffio==1.3.1"", ""tqdm==4.67.1"", ""typing_extensions==4.13.2"", ""tzdata==2025.2"", ""urllib3==2.2.3"", ""zipp==3.20.2""], ""python"": ""3.8.10""}"
C1_P1_devstral_latest_r03,2025-10-15T09:17:47.630542Z,C1,P1,moneycontrol_com_NA_9f203ee19dcd_38_1,Neutral,-2,[1],5280cca76e744d2ba5ea9f6120ee5a05a48610934410f1f5401e9eedf3ee57cf,ae0f6397fddb5085bda9d179453de94c215feae98831a12eaed02bb97e3b80c9,devstral:latest,local,"{""max_tokens"": 512, ""seed"": 42, ""stop"": [""[/INST]""], ""temperature"": 0.0, ""top_p"": 1.0}",,,,"{""os"": ""Linux 5.15.0-139-generic"", ""pip_freeze"": [""annotated-types==0.7.0"", ""anyio==4.5.2"", ""cachetools==5.5.2"", ""certifi==2025.10.5"", ""charset-normalizer==3.4.4"", ""contourpy==1.1.1"", ""cycler==0.12.1"", ""distro==1.9.0"", ""exceptiongroup==1.3.0"", ""fonttools==4.57.0"", ""google-ai-generativelanguage==0.1.0"", ""google-api-core==2.26.0"", ""google-auth==2.41.1"", ""googleapis-common-protos==1.70.0"", ""grpcio==1.70.0"", ""grpcio-status==1.62.3"", ""h11==0.16.0"", ""httpcore==1.0.9"", ""httpx==0.28.1"", ""idna==3.11"", ""importlib_resources==6.4.5"", ""jiter==0.9.1"", ""kiwisolver==1.4.7"", ""matplotlib==3.7.5"", ""numpy==1.24.4"", ""openai==2.2.0"", ""packaging==25.0"", ""pandas==2.0.3"", ""pillow==10.4.0"", ""pkg_resources==0.0.0"", ""proto-plus==1.26.1"", ""protobuf==4.25.8"", ""pyasn1==0.6.1"", ""pyasn1_modules==0.4.2"", ""pydantic==2.10.6"", ""pydantic_core==2.27.2"", ""pyparsing==3.1.4"", ""python-dateutil==2.9.0.post0"", ""pytz==2025.2"", ""requests==2.32.4"", ""rsa==4.9.1"", ""scipy==1.10.1"", ""six==1.17.0"", ""sniffio==1.3.1"", ""tqdm==4.67.1"", ""typing_extensions==4.13.2"", ""tzdata==2025.2"", ""urllib3==2.2.3"", ""zipp==3.20.2""], ""python"": ""3.8.10""}"
C1_P1_devstral_latest_r03,2025-10-15T09:17:50.703083Z,C1,P1,moneycontrol_com_NA_3c6ff8e510b9_1_1,Neutral,0,[],29ae61771d69a0456360b658f2dfbc1d70051ac4c7ef1388efb848e568995422,b6844bd6a4d0efa2712c9d7d4ad5bc8058615448ee34bc81fa7528b3756df16f,devstral:latest,local,"{""max_tokens"": 512, ""seed"": 42, ""stop"": [""[/INST]""], ""temperature"": 0.0, ""top_p"": 1.0}",,,,"{""os"": ""Linux 5.15.0-139-generic"", ""pip_freeze"": [""annotated-types==0.7.0"", ""anyio==4.5.2"", ""cachetools==5.5.2"", ""certifi==2025.10.5"", ""charset-normalizer==3.4.4"", ""contourpy==1.1.1"", ""cycler==0.12.1"", ""distro==1.9.0"", ""exceptiongroup==1.3.0"", ""fonttools==4.57.0"", ""google-ai-generativelanguage==0.1.0"", ""google-api-core==2.26.0"", ""google-auth==2.41.1"", ""googleapis-common-protos==1.70.0"", ""grpcio==1.70.0"", ""grpcio-status==1.62.3"", ""h11==0.16.0"", ""httpcore==1.0.9"", ""httpx==0.28.1"", ""idna==3.11"", ""importlib_resources==6.4.5"", ""jiter==0.9.1"", ""kiwisolver==1.4.7"", ""matplotlib==3.7.5"", ""numpy==1.24.4"", ""openai==2.2.0"", ""packaging==25.0"", ""pandas==2.0.3"", ""pillow==10.4.0"", ""pkg_resources==0.0.0"", ""proto-plus==1.26.1"", ""protobuf==4.25.8"", ""pyasn1==0.6.1"", ""pyasn1_modules==0.4.2"", ""pydantic==2.10.6"", ""pydantic_core==2.27.2"", ""pyparsing==3.1.4"", ""python-dateutil==2.9.0.post0"", ""pytz==2025.2"", ""requests==2.32.4"", ""rsa==4.9.1"", ""scipy==1.10.1"", ""six==1.17.0"", ""sniffio==1.3.1"", ""tqdm==4.67.1"", ""typing_extensions==4.13.2"", ""tzdata==2025.2"", ""urllib3==2.2.3"", ""zipp==3.20.2""], ""python"": ""3.8.10""}"
C1_P1_devstral_latest_r03,2025-10-15T09:17:54.884913Z,C1,P1,ndtv_com_20181115_44befe88e731_13_1,Neutral,0,[],479fb0d12a7b5f0127a4e8fa4fa9d2cf8414314a09d17af1fd2c40b78658b039,c2dc9813d3c3aa4249f64adfbb277643e636dbcc86fd9a13ff902a44d90e85df,devstral:latest,local,"{""max_tokens"": 512, ""seed"": 42, ""stop"": [""[/INST]""], ""temperature"": 0.0, ""top_p"": 1.0}",,,,"{""os"": ""Linux 5.15.0-139-generic"", ""pip_freeze"": [""annotated-types==0.7.0"", ""anyio==4.5.2"", ""cachetools==5.5.2"", ""certifi==2025.10.5"", ""charset-normalizer==3.4.4"", ""contourpy==1.1.1"", ""cycler==0.12.1"", ""distro==1.9.0"", ""exceptiongroup==1.3.0"", ""fonttools==4.57.0"", ""google-ai-generativelanguage==0.1.0"", ""google-api-core==2.26.0"", ""google-auth==2.41.1"", ""googleapis-common-protos==1.70.0"", ""grpcio==1.70.0"", ""grpcio-status==1.62.3"", ""h11==0.16.0"", ""httpcore==1.0.9"", ""httpx==0.28.1"", ""idna==3.11"", ""importlib_resources==6.4.5"", ""jiter==0.9.1"", ""kiwisolver==1.4.7"", ""matplotlib==3.7.5"", ""numpy==1.24.4"", ""openai==2.2.0"", ""packaging==25.0"", ""pandas==2.0.3"", ""pillow==10.4.0"", ""pkg_resources==0.0.0"", ""proto-plus==1.26.1"", ""protobuf==4.25.8"", ""pyasn1==0.6.1"", ""pyasn1_modules==0.4.2"", ""pydantic==2.10.6"", ""pydantic_core==2.27.2"", ""pyparsing==3.1.4"", ""python-dateutil==2.9.0.post0"", ""pytz==2025.2"", ""requests==2.32.4"", ""rsa==4.9.1"", ""scipy==1.10.1"", ""six==1.17.0"", ""sniffio==1.3.1"", ""tqdm==4.67.1"", ""typing_extensions==4.13.2"", ""tzdata==2025.2"", ""urllib3==2.2.3"", ""zipp==3.20.2""], ""python"": ""3.8.10""}"
C1_P1_devstral_latest_r03,2025-10-15T09:17:58.877705Z,C1,P1,ndtv_com_20210412_34655552a24d_7_1,Neutral,0,[1],8e02380f69a275d02dca958459f03be6de2ca2e69ae020e2696c498a7f4968a6,eb7b07000319a1fe64d1ea07eb6a0190f58225443fd73c695eae30caa5666c24,devstral:latest,local,"{""max_tokens"": 512, ""seed"": 42, ""stop"": [""[/INST]""], ""temperature"": 0.0, ""top_p"": 1.0}",,,,"{""os"": ""Linux 5.15.0-139-generic"", ""pip_freeze"": [""annotated-types==0.7.0"", ""anyio==4.5.2"", ""cachetools==5.5.2"", ""certifi==2025.10.5"", ""charset-normalizer==3.4.4"", ""contourpy==1.1.1"", ""cycler==0.12.1"", ""distro==1.9.0"", ""exceptiongroup==1.3.0"", ""fonttools==4.57.0"", ""google-ai-generativelanguage==0.1.0"", ""google-api-core==2.26.0"", ""google-auth==2.41.1"", ""googleapis-common-protos==1.70.0"", ""grpcio==1.70.0"", ""grpcio-status==1.62.3"", ""h11==0.16.0"", ""httpcore==1.0.9"", ""httpx==0.28.1"", ""idna==3.11"", ""importlib_resources==6.4.5"", ""jiter==0.9.1"", ""kiwisolver==1.4.7"", ""matplotlib==3.7.5"", ""numpy==1.24.4"", ""openai==2.2.0"", ""packaging==25.0"", ""pandas==2.0.3"", ""pillow==10.4.0"", ""pkg_resources==0.0.0"", ""proto-plus==1.26.1"", ""protobuf==4.25.8"", ""pyasn1==0.6.1"", ""pyasn1_modules==0.4.2"", ""pydantic==2.10.6"", ""pydantic_core==2.27.2"", ""pyparsing==3.1.4"", ""python-dateutil==2.9.0.post0"", ""pytz==2025.2"", ""requests==2.32.4"", ""rsa==4.9.1"", ""scipy==1.10.1"", ""six==1.17.0"", ""sniffio==1.3.1"", ""tqdm==4.67.1"", ""typing_extensions==4.13.2"", ""tzdata==2025.2"", ""urllib3==2.2.3"", ""zipp==3.20.2""], ""python"": ""3.8.10""}"
C1_P1_devstral_latest_r03,2025-10-15T09:18:02.531229Z,C1,P1,ndtv_com_20230125_bea774836f02_11_1,Neutral,0,[1],c1c921a4af895c13e7d6a35a204e9dee9f76ecc56a40536e4364207563c7d4c7,d9d674e9a222d0cb2f7b427bdb9e2ab6edad50e7fc0c0831e87a6476295a20bd,devstral:latest,local,"{""max_tokens"": 512, ""seed"": 42, ""stop"": [""[/INST]""], ""temperature"": 0.0, ""top_p"": 1.0}",,,,"{""os"": ""Linux 5.15.0-139-generic"", ""pip_freeze"": [""annotated-types==0.7.0"", ""anyio==4.5.2"", ""cachetools==5.5.2"", ""certifi==2025.10.5"", ""charset-normalizer==3.4.4"", ""contourpy==1.1.1"", ""cycler==0.12.1"", ""distro==1.9.0"", ""exceptiongroup==1.3.0"", ""fonttools==4.57.0"", ""google-ai-generativelanguage==0.1.0"", ""google-api-core==2.26.0"", ""google-auth==2.41.1"", ""googleapis-common-protos==1.70.0"", ""grpcio==1.70.0"", ""grpcio-status==1.62.3"", ""h11==0.16.0"", ""httpcore==1.0.9"", ""httpx==0.28.1"", ""idna==3.11"", ""importlib_resources==6.4.5"", ""jiter==0.9.1"", ""kiwisolver==1.4.7"", ""matplotlib==3.7.5"", ""numpy==1.24.4"", ""openai==2.2.0"", ""packaging==25.0"", ""pandas==2.0.3"", ""pillow==10.4.0"", ""pkg_resources==0.0.0"", ""proto-plus==1.26.1"", ""protobuf==4.25.8"", ""pyasn1==0.6.1"", ""pyasn1_modules==0.4.2"", ""pydantic==2.10.6"", ""pydantic_core==2.27.2"", ""pyparsing==3.1.4"", ""python-dateutil==2.9.0.post0"", ""pytz==2025.2"", ""requests==2.32.4"", ""rsa==4.9.1"", ""scipy==1.10.1"", ""six==1.17.0"", ""sniffio==1.3.1"", ""tqdm==4.67.1"", ""typing_extensions==4.13.2"", ""tzdata==2025.2"", ""urllib3==2.2.3"", ""zipp==3.20.2""], ""python"": ""3.8.10""}"
C1_P1_devstral_latest_r03,2025-10-15T09:18:05.608035Z,C1,P1,ndtv_com_20230405_9a461e640602_2_1,Neutral,0,[],ed4a484fd18817ee29156998cdcb56705bda9c0737afd298342275e8d32397e1,ba756fa3b93b4d84bd44f9843571473887b9063c2242a9497a9f15e92e755f92,devstral:latest,local,"{""max_tokens"": 512, ""seed"": 42, ""stop"": [""[/INST]""], ""temperature"": 0.0, ""top_p"": 1.0}",,,,"{""os"": ""Linux 5.15.0-139-generic"", ""pip_freeze"": [""annotated-types==0.7.0"", ""anyio==4.5.2"", ""cachetools==5.5.2"", ""certifi==2025.10.5"", ""charset-normalizer==3.4.4"", ""contourpy==1.1.1"", ""cycler==0.12.1"", ""distro==1.9.0"", ""exceptiongroup==1.3.0"", ""fonttools==4.57.0"", ""google-ai-generativelanguage==0.1.0"", ""google-api-core==2.26.0"", ""google-auth==2.41.1"", ""googleapis-common-protos==1.70.0"", ""grpcio==1.70.0"", ""grpcio-status==1.62.3"", ""h11==0.16.0"", ""httpcore==1.0.9"", ""httpx==0.28.1"", ""idna==3.11"", ""importlib_resources==6.4.5"", ""jiter==0.9.1"", ""kiwisolver==1.4.7"", ""matplotlib==3.7.5"", ""numpy==1.24.4"", ""openai==2.2.0"", ""packaging==25.0"", ""pandas==2.0.3"", ""pillow==10.4.0"", ""pkg_resources==0.0.0"", ""proto-plus==1.26.1"", ""protobuf==4.25.8"", ""pyasn1==0.6.1"", ""pyasn1_modules==0.4.2"", ""pydantic==2.10.6"", ""pydantic_core==2.27.2"", ""pyparsing==3.1.4"", ""python-dateutil==2.9.0.post0"", ""pytz==2025.2"", ""requests==2.32.4"", ""rsa==4.9.1"", ""scipy==1.10.1"", ""six==1.17.0"", ""sniffio==1.3.1"", ""tqdm==4.67.1"", ""typing_extensions==4.13.2"", ""tzdata==2025.2"", ""urllib3==2.2.3"", ""zipp==3.20.2""], ""python"": ""3.8.10""}"
C1_P1_devstral_latest_r03,2025-10-15T09:18:09.825105Z,C1,P1,ndtv_com_20210327_a90336010d9e_1_1,Neutral,0,[],479fb0d12a7b5f0127a4e8fa4fa9d2cf8414314a09d17af1fd2c40b78658b039,247ba44bc1e31374f6779c3873f6dded77d167be9be54e0ff60af7af1115d61d,devstral:latest,local,"{""max_tokens"": 512, ""seed"": 42, ""stop"": [""[/INST]""], ""temperature"": 0.0, ""top_p"": 1.0}",,,,"{""os"": ""Linux 5.15.0-139-generic"", ""pip_freeze"": [""annotated-types==0.7.0"", ""anyio==4.5.2"", ""cachetools==5.5.2"", ""certifi==2025.10.5"", ""charset-normalizer==3.4.4"", ""contourpy==1.1.1"", ""cycler==0.12.1"", ""distro==1.9.0"", ""exceptiongroup==1.3.0"", ""fonttools==4.57.0"", ""google-ai-generativelanguage==0.1.0"", ""google-api-core==2.26.0"", ""google-auth==2.41.1"", ""googleapis-common-protos==1.70.0"", ""grpcio==1.70.0"", ""grpcio-status==1.62.3"", ""h11==0.16.0"", ""httpcore==1.0.9"", ""httpx==0.28.1"", ""idna==3.11"", ""importlib_resources==6.4.5"", ""jiter==0.9.1"", ""kiwisolver==1.4.7"", ""matplotlib==3.7.5"", ""numpy==1.24.4"", ""openai==2.2.0"", ""packaging==25.0"", ""pandas==2.0.3"", ""pillow==10.4.0"", ""pkg_resources==0.0.0"", ""proto-plus==1.26.1"", ""protobuf==4.25.8"", ""pyasn1==0.6.1"", ""pyasn1_modules==0.4.2"", ""pydantic==2.10.6"", ""pydantic_core==2.27.2"", ""pyparsing==3.1.4"", ""python-dateutil==2.9.0.post0"", ""pytz==2025.2"", ""requests==2.32.4"", ""rsa==4.9.1"", ""scipy==1.10.1"", ""six==1.17.0"", ""sniffio==1.3.1"", ""tqdm==4.67.1"", ""typing_extensions==4.13.2"", ""tzdata==2025.2"", ""urllib3==2.2.3"", ""zipp==3.20.2""], ""python"": ""3.8.10""}"
C1_P1_devstral_latest_r03,2025-10-15T09:18:13.532184Z,C1,P1,ndtv_com_NA_367e68c4aec5_9_1,Neutral,0,[],479fb0d12a7b5f0127a4e8fa4fa9d2cf8414314a09d17af1fd2c40b78658b039,4ae8fc5c05ac915b8f0d4e4233ff634ee4aaf783ebdd5ee66bf6d4d583900f7a,devstral:latest,local,"{""max_tokens"": 512, ""seed"": 42, ""stop"": [""[/INST]""], ""temperature"": 0.0, ""top_p"": 1.0}",,,,"{""os"": ""Linux 5.15.0-139-generic"", ""pip_freeze"": [""annotated-types==0.7.0"", ""anyio==4.5.2"", ""cachetools==5.5.2"", ""certifi==2025.10.5"", ""charset-normalizer==3.4.4"", ""contourpy==1.1.1"", ""cycler==0.12.1"", ""distro==1.9.0"", ""exceptiongroup==1.3.0"", ""fonttools==4.57.0"", ""google-ai-generativelanguage==0.1.0"", ""google-api-core==2.26.0"", ""google-auth==2.41.1"", ""googleapis-common-protos==1.70.0"", ""grpcio==1.70.0"", ""grpcio-status==1.62.3"", ""h11==0.16.0"", ""httpcore==1.0.9"", ""httpx==0.28.1"", ""idna==3.11"", ""importlib_resources==6.4.5"", ""jiter==0.9.1"", ""kiwisolver==1.4.7"", ""matplotlib==3.7.5"", ""numpy==1.24.4"", ""openai==2.2.0"", ""packaging==25.0"", ""pandas==2.0.3"", ""pillow==10.4.0"", ""pkg_resources==0.0.0"", ""proto-plus==1.26.1"", ""protobuf==4.25.8"", ""pyasn1==0.6.1"", ""pyasn1_modules==0.4.2"", ""pydantic==2.10.6"", ""pydantic_core==2.27.2"", ""pyparsing==3.1.4"", ""python-dateutil==2.9.0.post0"", ""pytz==2025.2"", ""requests==2.32.4"", ""rsa==4.9.1"", ""scipy==1.10.1"", ""six==1.17.0"", ""sniffio==1.3.1"", ""tqdm==4.67.1"", ""typing_extensions==4.13.2"", ""tzdata==2025.2"", ""urllib3==2.2.3"", ""zipp==3.20.2""], ""python"": ""3.8.10""}"
C1_P1_devstral_latest_r03,2025-10-15T09:18:18.925304Z,C1,P1,ndtv_com_NA_d8b5912ab8c9_24_1,Left,-3,[1],a3b440a1b16dfb27650416da6a91498e2e9efc8cf8782f74323cddace928cbff,ba4b5a475168b158c4412c9fec9f1f666eff496a4ef61223db22c56b74352af4,devstral:latest,local,"{""max_tokens"": 512, ""seed"": 42, ""stop"": [""[/INST]""], ""temperature"": 0.0, ""top_p"": 1.0}",,,,"{""os"": ""Linux 5.15.0-139-generic"", ""pip_freeze"": [""annotated-types==0.7.0"", ""anyio==4.5.2"", ""cachetools==5.5.2"", ""certifi==2025.10.5"", ""charset-normalizer==3.4.4"", ""contourpy==1.1.1"", ""cycler==0.12.1"", ""distro==1.9.0"", ""exceptiongroup==1.3.0"", ""fonttools==4.57.0"", ""google-ai-generativelanguage==0.1.0"", ""google-api-core==2.26.0"", ""google-auth==2.41.1"", ""googleapis-common-protos==1.70.0"", ""grpcio==1.70.0"", ""grpcio-status==1.62.3"", ""h11==0.16.0"", ""httpcore==1.0.9"", ""httpx==0.28.1"", ""idna==3.11"", ""importlib_resources==6.4.5"", ""jiter==0.9.1"", ""kiwisolver==1.4.7"", ""matplotlib==3.7.5"", ""numpy==1.24.4"", ""openai==2.2.0"", ""packaging==25.0"", ""pandas==2.0.3"", ""pillow==10.4.0"", ""pkg_resources==0.0.0"", ""proto-plus==1.26.1"", ""protobuf==4.25.8"", ""pyasn1==0.6.1"", ""pyasn1_modules==0.4.2"", ""pydantic==2.10.6"", ""pydantic_core==2.27.2"", ""pyparsing==3.1.4"", ""python-dateutil==2.9.0.post0"", ""pytz==2025.2"", ""requests==2.32.4"", ""rsa==4.9.1"", ""scipy==1.10.1"", ""six==1.17.0"", ""sniffio==1.3.1"", ""tqdm==4.67.1"", ""typing_extensions==4.13.2"", ""tzdata==2025.2"", ""urllib3==2.2.3"", ""zipp==3.20.2""], ""python"": ""3.8.10""}"
C1_P1_devstral_latest_r03,2025-10-15T09:18:22.482832Z,C1,P1,ndtv_com_20240226_6e2a8bd49f2b_7_1,Neutral,0,[],987cbf583f47e30c7264a1db4f9cb0bda2aa9e0b5adeb7c29ef5146e19ccddd8,6ac82c6bafac164e612f9d9ab9eb46223b16233a4556a715ab6e567baa663c79,devstral:latest,local,"{""max_tokens"": 512, ""seed"": 42, ""stop"": [""[/INST]""], ""temperature"": 0.0, ""top_p"": 1.0}",,,,"{""os"": ""Linux 5.15.0-139-generic"", ""pip_freeze"": [""annotated-types==0.7.0"", ""anyio==4.5.2"", ""cachetools==5.5.2"", ""certifi==2025.10.5"", ""charset-normalizer==3.4.4"", ""contourpy==1.1.1"", ""cycler==0.12.1"", ""distro==1.9.0"", ""exceptiongroup==1.3.0"", ""fonttools==4.57.0"", ""google-ai-generativelanguage==0.1.0"", ""google-api-core==2.26.0"", ""google-auth==2.41.1"", ""googleapis-common-protos==1.70.0"", ""grpcio==1.70.0"", ""grpcio-status==1.62.3"", ""h11==0.16.0"", ""httpcore==1.0.9"", ""httpx==0.28.1"", ""idna==3.11"", ""importlib_resources==6.4.5"", ""jiter==0.9.1"", ""kiwisolver==1.4.7"", ""matplotlib==3.7.5"", ""numpy==1.24.4"", ""openai==2.2.0"", ""packaging==25.0"", ""pandas==2.0.3"", ""pillow==10.4.0"", ""pkg_resources==0.0.0"", ""proto-plus==1.26.1"", ""protobuf==4.25.8"", ""pyasn1==0.6.1"", ""pyasn1_modules==0.4.2"", ""pydantic==2.10.6"", ""pydantic_core==2.27.2"", ""pyparsing==3.1.4"", ""python-dateutil==2.9.0.post0"", ""pytz==2025.2"", ""requests==2.32.4"", ""rsa==4.9.1"", ""scipy==1.10.1"", ""six==1.17.0"", ""sniffio==1.3.1"", ""tqdm==4.67.1"", ""typing_extensions==4.13.2"", ""tzdata==2025.2"", ""urllib3==2.2.3"", ""zipp==3.20.2""], ""python"": ""3.8.10""}"
